TEAM,NO.,PLAYER,MINS,PTS,FGM,FGA,FG %,2PM,2PA,2P %,3PM,3PA,3P %,FTM,FTA,FT %,OFF,DEF,REB,AST,TO,STL,BLK,PF,Fls on:,+/-,GP,GW
FEU,13,J. Pasaol,28.5,11.0,2.0,11.0,18.2,1.0,6.0,16.7,1.0,5.0,20.0,6.0,10.0,60.0,1.0,1.0,2.0,5.0,5.0,1.0,0.0,3.0,7.0,-5.0,1,0
FEU,3,J. Bautista,24.916666666666668,9.0,3.0,10.0,30.0,0.0,4.0,0.0,3.0,6.0,50.0,0.0,0.0,0.0,0.0,3.0,3.0,1.0,1.0,0.0,0.0,4.0,1.0,-11.0,1,0
FEU,35,M. Konateh,35.86666666666667,5.0,2.0,9.0,22.2,2.0,9.0,22.2,0.0,0.0,0.0,1.0,2.0,50.0,0.0,3.0,3.0,2.0,3.0,0.0,3.0,1.0,2.0,-7.0,1,0
FEU,31,K. Mongcopa,29.116666666666667,4.0,2.0,11.0,18.2,2.0,8.0,25.0,0.0,3.0,0.0,0.0,0.0,0.0,2.0,6.0,8.0,1.0,6.0,1.0,1.0,1.0,2.0,-5.0,1,0
FEU,5,J. Daa,16.566666666666666,0.0,0.0,0.0,0.0,0.0,0.0,0.0,0.0,0.0,0.0,0.0,2.0,0.0,2.0,0.0,2.0,0.0,0.0,1.0,0.0,2.0,2.0,-16.0,1,0
FEU,6,C. Cabonilas,24.466666666666665,11.0,5.0,13.0,38.5,4.0,9.0,44.4,1.0,4.0,25.0,0.0,3.0,0.0,6.0,6.0,12.0,1.0,1.0,1.0,0.0,2.0,2.0,15.0,1,0
FEU,18,E. Gish,10.033333333333333,5.0,2.0,3.0,66.7,2.0,2.0,100.0,0.0,1.0,0.0,1.0,1.0,100.0,2.0,3.0,5.0,2.0,1.0,1.0,1.0,2.0,1.0,7.0,1,0
FEU,72,L. Felipe,16.316666666666666,4.0,1.0,5.0,20.0,1.0,1.0,100.0,0.0,4.0,0.0,2.0,3.0,66.7,1.0,0.0,1.0,0.0,0.0,0.0,0.0,0.0,3.0,-1.0,1,0
FEU,25,M. Burgos,6.383333333333334,2.0,1.0,1.0,100.0,1.0,1.0,100.0,0.0,0.0,0.0,0.0,0.0,0.0,2.0,0.0,2.0,0.0,1.0,0.0,0.0,1.0,0.0,1.0,1,0
FEU,10,R. Montemayor,2.6,2.0,1.0,2.0,50.0,1.0,1.0,100.0,0.0,1.0,0.0,0.0,0.0,0.0,0.0,0.0,0.0,0.0,1.0,1.0,0.0,0.0,0.0,-2.0,1,0
FEU,21,A. Nakai,5.15,0.0,0.0,1.0,0.0,0.0,0.0,0.0,0.0,1.0,0.0,0.0,0.0,0.0,2.0,0.0,2.0,0.0,1.0,0.0,0.0,1.0,0.0,9.0,1,0
ADU,3,M. Montebon,30.3,18.0,7.0,13.0,53.8,3.0,6.0,50.0,4.0,7.0,57.1,0.0,0.0,0.0,1.0,2.0,3.0,1.0,1.0,4.0,0.0,1.0,0.0,25.0,1,1
ADU,24,M. Edding,23.116666666666667,10.0,4.0,10.0,40.0,4.0,10.0,40.0,0.0,0.0,0.0,2.0,2.0,100.0,1.0,1.0,2.0,3.0,2.0,1.0,2.0,4.0,1.0,19.0,1,1
ADU,5,P. Jonah,27.833333333333332,8.0,4.0,10.0,40.0,4.0,10.0,40.0,0.0,0.0,0.0,0.0,4.0,0.0,5.0,6.0,11.0,1.0,3.0,1.0,4.0,3.0,7.0,12.0,1,1
ADU,11,J. Barcelona,23.383333333333333,2.0,1.0,1.0,100.0,1.0,1.0,100.0,0.0,0.0,0.0,0.0,2.0,0.0,3.0,7.0,10.0,1.0,0.0,0.0,0.0,2.0,1.0,17.0,1,1
ADU,21,E. Medina,14.983333333333333,0.0,0.0,4.0,0.0,0.0,0.0,0.0,0.0,4.0,0.0,0.0,0.0,0.0,0.0,1.0,1.0,0.0,0.0,0.0,0.0,1.0,0.0,-7.0,1,1
ADU,18,M. Erolon,21.316666666666666,8.0,3.0,8.0,37.5,3.0,4.0,75.0,0.0,4.0,0.0,2.0,3.0,66.7,2.0,3.0,5.0,2.0,4.0,3.0,1.0,1.0,1.0,-12.0,1,1
ADU,20,M. Anabo,17.5,5.0,2.0,9.0,22.2,1.0,5.0,20.0,1.0,4.0,25.0,0.0,2.0,0.0,1.0,0.0,1.0,0.0,1.0,0.0,0.0,1.0,3.0,4.0,1,1
ADU,15,R. Torres,11.566666666666666,5.0,1.0,6.0,16.7,0.0,3.0,0.0,1.0,3.0,33.3,2.0,3.0,66.7,0.0,0.0,0.0,0.0,2.0,0.0,0.0,0.0,1.0,-14.0,1,1
ADU,27,A. Fransman,16.083333333333332,0.0,0.0,5.0,0.0,0.0,1.0,0.0,0.0,4.0,0.0,0.0,0.0,0.0,0.0,3.0,3.0,0.0,0.0,0.0,0.0,3.0,1.0,-7.0,1,1
ADU,33,J. Tumaneng,6.4,0.0,0.0,0.0,0.0,0.0,0.0,0.0,0.0,0.0,0.0,0.0,0.0,0.0,0.0,1.0,1.0,0.0,1.0,0.0,0.0,0.0,1.0,-5.0,1,1
ADU,13,H. Cruz-Dumont,6.3,0.0,0.0,1.0,0.0,0.0,1.0,0.0,0.0,0.0,0.0,0.0,0.0,0.0,0.0,0.0,0.0,0.0,0.0,0.0,0.0,4.0,0.0,-17.0,1,1
ADU,9,A. Perez,0.7666666666666667,0.0,0.0,0.0,0.0,0.0,0.0,0.0,0.0,0.0,0.0,0.0,0.0,0.0,0.0,0.0,0.0,0.0,0.0,0.0,0.0,0.0,0.0,-2.0,1,1
ADU,6,N. Pacquiao,0.3333333333333333,0.0,0.0,0.0,0.0,0.0,0.0,0.0,0.0,0.0,0.0,0.0,0.0,0.0,0.0,0.0,0.0,0.0,0.0,0.0,0.0,0.0,0.0,2.0,1,1
