TEAM,NO.,PLAYER,GP,MINS,PTS,OFF,DEF,REB,AST,TO,STL,BLK,STK,FGM,FGA,FG %,2PM,2PA,2P %,3PM,3PA,3P %,FTM,FTA,FT %,PF,Fls on:,+/-,GW
ADU,1,L. Mangaron,2.0,30.0,13.953488372093023,0.0,4.651162790697675,4.651162790697675,4.651162790697675,4.651162790697675,0.0,0.0,0.0,4.651162790697675,4.651162790697675,100.0,4.651162790697675,4.651162790697675,100.0,0.0,0.0,0.0,4.651162790697675,4.651162790697675,100.0,4.651162790697675,9.30232558139535,37.2093023255814,1.0
ADU,3,M. Montebon,4.0,30.0,16.649537512846866,0.30832476875642345,2.7749229188078113,3.083247687564235,4.933196300102775,1.5416238437821175,3.391572456320658,0.0,3.391572456320658,5.549845837615623,12.024665981500515,46.15384615384615,2.7749229188078113,4.624871531346352,60.0,2.7749229188078113,7.399794450154164,37.5,2.7749229188078113,2.7749229188078113,100.0,1.5416238437821175,2.4665981500513876,12.024665981500515,2.0
ADU,5,P. Jonah,4.0,30.0,11.144669284204168,3.5336756266988827,5.708245243128965,9.241920869827847,0.8154636061612807,3.2618544246451227,1.0872848082150408,4.077318030806403,5.164602839021445,4.077318030806403,8.698278465720326,46.875,4.077318030806403,8.698278465720326,46.875,0.0,0.0,0.0,2.990033222591362,5.980066445182724,50.0,3.805496828752643,5.980066445182724,6.523708849290245,2.0
ADU,6,N. Pacquiao,4.0,30.0,0.0,0.0,0.0,0.0,0.0,0.0,0.0,0.0,0.0,0.0,10.526315789473685,0.0,0.0,0.0,0.0,0.0,10.526315789473685,0.0,0.0,0.0,0.0,0.0,0.0,73.6842105263158,2.0
ADU,8,K. Demisina,3.0,30.0,12.14848143982002,2.02474690663667,4.04949381327334,6.07424071991001,2.02474690663667,0.0,0.0,0.0,0.0,4.04949381327334,10.123734533183352,40.0,0.0,4.04949381327334,0.0,4.04949381327334,6.07424071991001,66.66666666666666,0.0,0.0,0.0,6.07424071991001,0.0,-24.29696287964004,1.0
ADU,9,A. Perez,4.0,30.0,4.128440366972477,0.8256880733944953,0.0,0.8256880733944953,0.0,0.0,0.0,0.8256880733944953,0.8256880733944953,1.6513761467889907,5.779816513761467,28.57142857142857,0.8256880733944953,2.477064220183486,33.33333333333333,0.8256880733944953,3.3027522935779814,25.0,0.0,0.0,0.0,4.128440366972477,1.6513761467889907,-2.477064220183486,2.0
ADU,11,J. Barcelona,1.0,30.0,2.565930149679259,3.8488952245188877,8.980755523877406,12.829650748396293,1.2829650748396295,0.0,0.0,0.0,0.0,1.2829650748396295,1.2829650748396295,100.0,1.2829650748396295,1.2829650748396295,100.0,0.0,0.0,0.0,0.0,2.565930149679259,0.0,2.565930149679259,1.2829650748396295,21.8104062722737,1.0
ADU,13,H. Cruz-Dumont,4.0,30.0,2.859412231930103,1.4297061159650515,4.289118347895155,5.718824463860206,2.1445591739475773,0.0,0.7148530579825257,0.0,0.7148530579825257,1.4297061159650515,5.718824463860206,25.0,1.4297061159650515,4.289118347895155,33.33333333333333,0.0,1.4297061159650515,0.0,0.0,2.859412231930103,0.0,5.718824463860206,2.859412231930103,-15.726767275615567,2.0
ADU,15,R. Torres,4.0,30.0,13.790168120876784,0.3830602255799106,0.3830602255799106,0.7661204511598212,1.9153011278995533,1.5322409023196424,0.0,0.0,0.0,4.979782932538838,16.471589699936157,30.23255813953488,3.0644818046392848,8.044264737178123,38.095238095238095,1.9153011278995533,8.427324962758034,22.727272727272727,1.9153011278995533,2.298361353479464,83.33333333333334,0.3830602255799106,1.149180676739732,-6.512023834858481,2.0
ADU,18,M. Erolon,4.0,30.0,13.291877186164013,1.399144966964633,2.798289933929266,4.197434900893899,3.148076175670424,2.0987174504469497,1.748931208705791,0.34978624174115824,2.0987174504469497,4.197434900893899,11.542945977458222,36.36363636363637,1.399144966964633,3.148076175670424,44.44444444444444,2.798289933929266,8.394869801787799,33.33333333333333,2.0987174504469497,2.798289933929266,75.0,3.148076175670424,1.748931208705791,-6.995724834823164,2.0
ADU,20,M. Anabo,4.0,30.0,7.23721998851235,1.0338885697874785,2.5847214244686962,3.618609994256175,1.0338885697874785,2.067777139574957,0.0,0.0,0.0,3.1016657093624356,11.372774267662264,27.27272727272727,2.067777139574957,5.1694428489373925,40.0,1.0338885697874785,6.203331418724871,16.666666666666664,0.0,1.0338885697874785,0.0,2.5847214244686962,2.5847214244686962,-2.5847214244686962,2.0
ADU,21,E. Medina,4.0,30.0,9.29546292880856,0.0,4.979712283290299,4.979712283290299,0.66396163777204,0.66396163777204,1.32792327554408,0.33198081888602,1.6599040944300998,3.651789007746219,7.635558834378459,47.82608695652174,1.6599040944300998,1.6599040944300998,100.0,1.9918849133161196,5.975654739948359,33.33333333333333,0.0,0.0,0.0,0.66396163777204,0.0,3.983769826632239,2.0
ADU,24,M. Edding,4.0,30.0,10.085163603765128,2.0170327207530256,2.823845809054236,4.840878529807262,7.261317794710893,2.420439264903631,3.227252353204841,0.8068130883012102,4.034065441506051,3.6306588973554463,10.89197669206634,33.33333333333333,2.823845809054236,9.278350515463918,30.434782608695656,0.8068130883012102,1.6136261766024205,50.0,2.0170327207530256,3.6306588973554463,55.55555555555556,4.437471985656656,4.034065441506051,6.857911250560288,2.0
ADU,25,K. Canete,3.0,30.0,25.301204819277107,0.0,0.0,0.0,0.0,0.0,3.614457831325301,0.0,3.614457831325301,10.843373493975902,14.457831325301203,75.0,7.228915662650602,7.228915662650602,100.0,3.614457831325301,7.228915662650602,50.0,0.0,0.0,0.0,3.614457831325301,0.0,-3.614457831325301,1.0
ADU,27,A. Fransman,4.0,30.0,3.961848862802641,0.0,7.263389581804842,7.263389581804842,1.3206162876008802,1.9809244314013206,0.6603081438004401,0.0,0.6603081438004401,1.9809244314013206,10.564930300807042,18.75,1.9809244314013206,5.282465150403521,37.5,0.0,5.282465150403521,0.0,0.0,0.0,0.0,3.3015407190022006,0.6603081438004401,-5.9427732942039615,2.0
ADU,33,J. Tumaneng,3.0,30.0,7.0542129327237095,1.1757021554539517,2.3514043109079035,3.5271064663618548,1.1757021554539517,1.1757021554539517,0.0,0.0,0.0,3.5271064663618548,4.702808621815807,75.0,3.5271064663618548,4.702808621815807,75.0,0.0,0.0,0.0,0.0,0.0,0.0,3.5271064663618548,1.1757021554539517,0.0,2.0
ATENEO,1,K. Alas,5.0,30.0,14.718086404686357,1.7573834513058335,3.514766902611667,5.272150353917501,2.196729314132292,2.196729314132292,1.098364657066146,0.4393458628264584,1.5377105198926042,5.49182328533073,15.816451061752502,34.72222222222222,3.7344398340248963,7.688552599463023,48.57142857142857,1.7573834513058335,8.12789846228948,21.62162162162162,1.9770563827190628,3.2950939711984377,60.0,1.7573834513058335,3.0754210397852084,2.8557481083719796,3.0
ATENEO,3,A. Bongo,5.0,30.0,12.366412213740457,1.7175572519083966,3.091603053435114,4.809160305343511,0.6870229007633587,1.3740458015267174,0.6870229007633587,1.030534351145038,1.7175572519083966,3.091603053435114,9.618320610687022,32.142857142857146,1.3740458015267174,5.152671755725191,26.666666666666668,1.7175572519083966,4.465648854961831,38.46153846153847,4.465648854961831,5.8396946564885495,76.47058823529412,2.748091603053435,4.465648854961831,8.244274809160304,3.0
ATENEO,4,M. Asoro,1.0,30.0,18.881118881118883,0.0,3.146853146853147,3.146853146853147,0.0,6.293706293706294,0.0,0.0,0.0,6.293706293706294,6.293706293706294,100.0,0.0,0.0,0.0,6.293706293706294,6.293706293706294,100.0,0.0,0.0,0.0,3.146853146853147,3.146853146853147,-18.881118881118883,1.0
ATENEO,5,T. Roberts,5.0,30.0,13.68107302533532,1.6095380029806259,3.2190760059612518,4.828614008941877,0.0,1.3412816691505214,0.5365126676602087,0.0,0.5365126676602087,4.292101341281669,9.925484351713859,43.24324324324324,2.1460506706408347,4.828614008941877,44.44444444444444,2.1460506706408347,5.0968703427719815,42.10526315789473,2.9508196721311473,3.487332339791356,84.61538461538461,2.4143070044709387,2.4143070044709387,-1.0730253353204173,3.0
ATENEO,7,I. Espinosa,5.0,30.0,9.610983981693364,0.5491990846681922,1.9221967963386728,2.471395881006865,5.766590389016018,2.471395881006865,0.8237986270022882,0.0,0.8237986270022882,3.5697940503432495,7.963386727688786,44.827586206896555,2.745995423340961,4.94279176201373,55.55555555555556,0.8237986270022882,3.0205949656750573,27.27272727272727,1.6475972540045765,1.6475972540045765,100.0,3.295194508009153,3.0205949656750573,6.0411899313501145,3.0
ATENEO,9,J. Bahay,5.0,30.0,17.35705554801032,0.48893114219747374,3.4225179953823166,3.91144913757979,4.889311421974738,2.2001901398886323,1.2223278554936845,0.0,1.2223278554936845,5.867173706369686,12.71220969713432,46.15384615384615,3.17805242428358,5.133776993073475,61.904761904761905,2.689121282086106,7.578432704060844,35.483870967741936,2.933586853184843,4.1559147086785275,70.58823529411765,2.444655710987369,3.91144913757979,4.644845850876001,3.0
ATENEO,10,S. Tuano,5.0,30.0,15.137111517367458,2.6325411334552102,2.961608775137111,5.594149908592321,1.3162705667276051,1.6453382084095063,2.961608775137111,0.0,2.961608775137111,5.594149908592321,12.175502742230348,45.94594594594595,4.936014625228519,9.213893967093234,53.57142857142857,0.6581352833638026,2.961608775137111,22.22222222222222,3.2906764168190126,4.2778793418647165,76.92307692307693,2.6325411334552102,3.9488117001828154,4.606946983546617,3.0
ATENEO,11,M. De Luna,1.0,30.0,0.0,0.0,6.7669172932330826,6.7669172932330826,0.0,6.7669172932330826,0.0,0.0,0.0,0.0,13.533834586466165,0.0,0.0,6.7669172932330826,0.0,0.0,6.7669172932330826,0.0,0.0,0.0,0.0,0.0,0.0,-40.6015037593985,1.0
ATENEO,12,J. Leal,5.0,30.0,13.364269141531324,4.176334106728539,9.187935034802786,13.364269141531324,2.505800464037123,0.8352668213457077,1.6705336426914155,0.0,1.6705336426914155,5.011600928074246,12.529002320185615,40.0,2.505800464037123,8.352668213457077,30.0,2.505800464037123,4.176334106728539,60.0,0.8352668213457077,3.341067285382831,25.0,10.858468677494201,2.505800464037123,6.682134570765662,3.0
ATENEO,13,G. Rogers,5.0,30.0,13.54788476511809,0.9343368803529717,1.4015053205294574,2.3358422008824293,1.8686737607059434,4.204515961588372,3.7373475214118868,0.0,3.7373475214118868,4.671684401764859,8.409031923176745,55.55555555555556,4.671684401764859,7.94186348300026,58.82352941176471,0.0,0.0,0.0,4.204515961588372,6.540358162470802,64.28571428571429,3.270179081235401,4.204515961588372,6.540358162470802,3.0
ATENEO,17,C. Urbina,3.0,30.0,8.845208845208845,4.422604422604422,0.0,4.422604422604422,4.422604422604422,4.422604422604422,0.0,0.0,0.0,2.211302211302211,4.422604422604422,50.0,2.211302211302211,2.211302211302211,100.0,0.0,2.211302211302211,0.0,4.422604422604422,8.845208845208845,50.0,13.267813267813267,8.845208845208845,-11.056511056511056,1.0
ATENEO,19,W. Espina,1.0,30.0,0.0,6.691449814126394,0.0,6.691449814126394,0.0,0.0,6.691449814126394,0.0,6.691449814126394,0.0,10.037174721189592,0.0,0.0,3.345724907063197,0.0,0.0,6.691449814126394,0.0,0.0,0.0,0.0,3.345724907063197,0.0,-16.728624535315987,0.0
ATENEO,25,A. Cainglet,5.0,30.0,8.837970540098201,1.9639934533551555,1.9639934533551555,3.927986906710311,0.0,2.9459901800327333,2.9459901800327333,0.0,2.9459901800327333,2.9459901800327333,7.855973813420622,37.5,1.9639934533551555,2.9459901800327333,66.66666666666666,0.9819967266775778,4.909983633387889,20.0,1.9639934533551555,3.927986906710311,50.0,5.8919803600654665,4.909983633387889,-3.927986906710311,3.0
ATENEO,30,E. Kapihe,5.0,30.0,7.753050969131371,1.2921751615218953,6.78391959798995,8.076094759511845,0.9691313711414213,1.9382627422828427,1.2921751615218953,0.6460875807609476,1.9382627422828427,3.230437903804738,7.753050969131371,41.66666666666667,3.230437903804738,6.460875807609476,50.0,0.0,1.2921751615218953,0.0,1.2921751615218953,1.2921751615218953,100.0,4.19956927494616,1.615218951902369,11.629576453697059,3.0
ATENEO,34,S. Reyes,1.0,30.0,7.317073170731708,0.0,0.0,0.0,0.0,0.0,0.0,7.317073170731708,7.317073170731708,0.0,0.0,0.0,0.0,0.0,0.0,0.0,0.0,0.0,7.317073170731708,14.634146341463415,50.0,14.634146341463415,7.317073170731708,-43.90243902439025,1.0
ATENEO,37,S. Baruwa,5.0,30.0,6.66376306620209,3.919860627177701,5.879790940766551,9.79965156794425,0.39198606271777003,2.74390243902439,0.39198606271777003,1.1759581881533103,1.5679442508710801,2.74390243902439,4.311846689895471,63.63636363636363,2.74390243902439,4.311846689895471,63.63636363636363,0.0,0.0,0.0,1.1759581881533103,2.3519163763066206,50.0,5.48780487804878,2.74390243902439,-11.367595818815332,3.0
FEU,3,J. Bautista,4.0,30.0,13.942680092951203,0.8365608055770721,1.9519752130131685,2.7885360185902406,2.509682416731217,0.557707203718048,0.557707203718048,0.0,0.557707203718048,5.2982184353214565,14.779240898528275,35.84905660377358,3.903950426026337,8.365608055770723,46.666666666666664,1.3942680092951203,6.413632842757553,21.73913043478261,1.9519752130131685,2.230828814872192,87.5,2.509682416731217,3.3462432223082885,9.759876065065843,3.0
FEU,4,A. Macapagal,1.0,30.0,0.0,0.0,0.0,0.0,0.0,10.526315789473683,10.526315789473683,0.0,10.526315789473683,0.0,10.526315789473683,0.0,0.0,10.526315789473683,0.0,0.0,0.0,0.0,0.0,0.0,0.0,0.0,0.0,-63.1578947368421,1.0
FEU,5,J. Daa,4.0,30.0,10.812109562710235,2.594906295050457,2.1624219125420474,4.757328207592504,0.4324843825084095,1.729937530033638,1.2974531475252284,0.0,1.2974531475252284,3.459875060067276,6.054781355117733,57.14285714285714,2.594906295050457,3.8923594425756853,66.66666666666666,0.864968765016819,2.1624219125420474,40.0,3.0273906775588664,4.324843825084095,70.0,4.324843825084095,2.594906295050457,-4.757328207592504,3.0
FEU,6,C. Cabonilas,4.0,30.0,13.791929167376129,4.903797037289291,5.516771666950452,10.420568704239741,1.5324365741529031,1.5324365741529031,1.2259492593223227,0.0,1.2259492593223227,5.516771666950452,12.259492593223225,45.0,4.59730972245871,8.888132130086838,51.724137931034484,0.9194619444917419,3.371360463136387,27.27272727272727,1.8389238889834838,3.6778477779669676,50.0,2.1454112038140645,2.4518985186446454,16.856802315681936,3.0
FEU,10,R. Montemayor,2.0,30.0,7.578947368421053,3.7894736842105265,0.0,3.7894736842105265,0.0,3.7894736842105265,3.7894736842105265,0.0,3.7894736842105265,3.7894736842105265,7.578947368421053,50.0,3.7894736842105265,3.7894736842105265,100.0,0.0,3.7894736842105265,0.0,0.0,0.0,0.0,3.7894736842105265,0.0,-49.26315789473685,1.0
FEU,13,J. Pasaol,4.0,30.0,16.420028380295967,0.7297790391242651,1.824447597810663,2.554226636934928,6.932900871680519,1.824447597810663,2.1893371173727956,0.0,2.1893371173727956,4.743563754307724,14.230691262923171,33.33333333333333,2.9191161564970605,6.932900871680519,42.10526315789473,1.824447597810663,7.297790391242652,25.0,5.108453273869856,8.027569430366915,63.63636363636363,3.648895195621326,6.932900871680519,9.85201702817758,3.0
FEU,14,S. Hall,2.0,30.0,22.453222453222455,0.0,0.0,0.0,0.0,3.742203742203743,3.742203742203743,0.0,3.742203742203743,7.484407484407486,7.484407484407486,100.0,3.742203742203743,3.742203742203743,100.0,3.742203742203743,3.742203742203743,100.0,3.742203742203743,14.968814968814971,25.0,7.484407484407486,7.484407484407486,-26.195426195426197,2.0
FEU,18,E. Gish,4.0,30.0,9.319181982914833,1.8638363965829663,3.2617136940201914,5.1255500906031575,1.3978772974372247,1.3978772974372247,1.8638363965829663,0.9319181982914831,2.7957545948744493,3.2617136940201914,6.989386487186124,46.666666666666664,1.8638363965829663,3.2617136940201914,57.14285714285714,1.3978772974372247,3.7276727931659326,37.5,1.3978772974372247,1.3978772974372247,100.0,1.8638363965829663,0.9319181982914831,11.64897747864354,3.0
FEU,21,A. Nakai,4.0,30.0,3.6072144288577155,5.410821643286574,0.0,5.410821643286574,1.8036072144288577,0.9018036072144289,3.6072144288577155,1.8036072144288577,5.410821643286574,0.9018036072144289,7.214428857715431,12.5,0.0,0.9018036072144289,0.0,0.9018036072144289,6.312625250501003,14.285714285714285,0.9018036072144289,2.705410821643287,33.33333333333333,3.6072144288577155,1.8036072144288577,35.170340681362724,3.0
FEU,25,M. Burgos,4.0,30.0,6.920119607005554,3.8445108927808627,0.7689021785561725,4.613413071337035,1.537804357112345,3.07560871422469,0.7689021785561725,0.0,0.7689021785561725,3.07560871422469,4.613413071337035,66.66666666666666,3.07560871422469,3.8445108927808627,80.0,0.0,0.7689021785561725,0.0,0.7689021785561725,3.07560871422469,25.0,6.15121742844938,3.8445108927808627,7.689021785561725,3.0
FEU,27,Y. Rañeses,3.0,30.0,6.642066420664206,0.0,0.0,0.0,6.642066420664206,0.0,0.0,0.0,0.0,0.0,6.642066420664206,0.0,0.0,0.0,0.0,0.0,6.642066420664206,0.0,6.642066420664206,13.284132841328413,50.0,13.284132841328413,6.642066420664206,-119.55719557195573,3.0
FEU,31,K. Mongcopa,4.0,30.0,18.181818181818183,3.5767511177347244,6.855439642324888,10.432190760059612,3.8748137108792844,3.5767511177347244,0.5961251862891207,0.5961251862891207,1.1922503725782414,7.153502235469449,17.585692995529058,40.67796610169492,5.0670640834575265,10.432190760059612,48.57142857142857,2.0864381520119224,7.153502235469449,29.166666666666668,1.7883755588673622,2.980625931445603,60.0,1.4903129657228016,2.384500745156483,10.432190760059612,3.0
FEU,35,M. Konateh,4.0,30.0,9.551605200318388,2.626691430087557,6.208543380206952,8.835234810294509,2.387901300079597,1.6715309100557179,1.432740780047758,1.9103210400636774,3.3430618201114357,4.298222340143274,9.074024940302468,47.368421052631575,4.298222340143274,9.074024940302468,47.368421052631575,0.0,0.0,0.0,0.9551605200318387,1.432740780047758,66.66666666666666,2.149111170071637,1.9103210400636774,9.312815070310428,3.0
FEU,72,L. Felipe,4.0,30.0,9.574468085106382,1.5957446808510636,2.127659574468085,3.7234042553191484,1.0638297872340425,0.0,0.0,0.0,0.0,3.191489361702127,9.042553191489361,35.294117647058826,1.0638297872340425,1.0638297872340425,100.0,2.127659574468085,7.9787234042553195,26.666666666666668,1.0638297872340425,1.5957446808510636,66.66666666666666,2.127659574468085,2.127659574468085,2.659574468085106,3.0
LA SALLE,0,G. Quines,1.0,30.0,13.810741687979538,4.603580562659847,9.207161125319693,13.810741687979538,9.207161125319693,4.603580562659847,0.0,0.0,0.0,4.603580562659847,13.810741687979538,33.33333333333333,0.0,0.0,0.0,4.603580562659847,13.810741687979538,33.33333333333333,0.0,0.0,0.0,0.0,0.0,-9.207161125319693,1.0
LA SALLE,1,J. Macalalag,5.0,30.0,9.370119729307651,1.639770952628839,1.1712649661634564,2.8110359187922955,0.9370119729307652,0.2342529932326913,0.9370119729307652,0.0,0.9370119729307652,3.5137948984903695,7.496095783446122,46.875,2.8110359187922955,5.622071837584591,50.0,0.7027589796980739,1.8740239458615304,37.5,1.639770952628839,2.342529932326913,70.0,1.639770952628839,1.639770952628839,-4.450806871421135,3.0
LA SALLE,2,V. Marasigan,5.0,30.0,12.04876882620129,1.2909395170929954,3.0121922065503224,4.303131723643318,4.303131723643318,1.7212526894573272,1.7212526894573272,0.0,1.7212526894573272,4.303131723643318,10.327516136743963,41.66666666666667,3.0121922065503224,6.885010757829309,43.75,1.2909395170929954,3.4425053789146545,37.5,2.151565861821659,3.4425053789146545,62.5,5.594071240736314,3.0121922065503224,16.78221372220894,3.0
LA SALLE,3,K. Sardon,4.0,30.0,0.0,3.0303030303030307,0.0,3.0303030303030307,3.0303030303030307,0.0,0.0,0.0,0.0,0.0,6.060606060606061,0.0,0.0,6.060606060606061,0.0,0.0,0.0,0.0,0.0,0.0,0.0,3.0303030303030307,0.0,-12.121212121212123,3.0
LA SALLE,6,M. Kulang,2.0,30.0,4.672290720311487,9.344581440622974,5.840363400389358,15.184944841012332,1.1680726800778718,1.1680726800778718,1.1680726800778718,2.3361453601557436,3.504218040233615,2.3361453601557436,4.672290720311487,50.0,2.3361453601557436,4.672290720311487,50.0,0.0,0.0,0.0,0.0,0.0,0.0,1.1680726800778718,4.672290720311487,-11.680726800778716,1.0
LA SALLE,7,E. Abadam,5.0,30.0,11.57465495608532,0.8469259723964869,4.7992471769134255,5.646173149309912,0.5646173149309912,1.1292346298619824,0.8469259723964869,0.0,0.8469259723964869,4.7992471769134255,12.139272271016312,39.53488372093023,3.3877038895859477,6.493099121706399,52.17391304347826,1.411543287327478,5.646173149309912,25.0,0.5646173149309912,0.5646173149309912,100.0,1.411543287327478,1.1292346298619824,2.823086574654956,3.0
LA SALLE,8,R. Sharma,1.0,30.0,5.341246290801187,10.682492581602373,5.341246290801187,16.02373887240356,0.0,0.0,0.0,0.0,0.0,0.0,10.682492581602373,0.0,0.0,10.682492581602373,0.0,0.0,0.0,0.0,5.341246290801187,10.682492581602373,50.0,0.0,5.341246290801187,-10.682492581602373,1.0
LA SALLE,9,L. Pablo,5.0,30.0,14.595311808934099,2.653693056169836,5.042016806722689,7.6957098628925245,1.8575851393188851,2.653693056169836,0.7961079168509508,2.1229544449358686,2.91906236178682,6.368863334807607,10.614772224679344,60.0,6.368863334807607,10.614772224679344,60.0,0.0,0.0,0.0,1.8575851393188851,2.653693056169836,70.0,2.3883237505528525,3.449800973020787,1.8575851393188851,3.0
LA SALLE,11,J. Cortez,5.0,30.0,12.250959039722806,0.0,2.4501918079445613,2.4501918079445613,5.568617745328549,2.004702388318277,2.004702388318277,0.22274470981314193,2.227447098131419,4.009404776636554,12.028214329909664,33.33333333333333,3.3411706471971288,8.24155426308625,40.54054054054054,0.6682341294394258,3.7866600668234125,17.647058823529413,3.563915357010271,5.345873035515407,66.66666666666666,1.7819576785051354,5.345873035515407,5.79136245514169,3.0
LA SALLE,12,H. Agunanne,3.0,30.0,15.756565235514797,8.253438932888704,3.751563151313047,12.005002084201749,0.0,2.2509378907878284,0.7503126302626093,1.5006252605252186,2.2509378907878284,5.252188411838265,11.254689453939141,46.666666666666664,5.252188411838265,11.254689453939141,46.666666666666664,0.0,0.0,0.0,5.252188411838265,8.253438932888704,63.63636363636363,4.501875781575657,5.252188411838265,-3.751563151313047,2.0
LA SALLE,13,J. Tovera,5.0,30.0,22.99198960814029,0.38969473912102187,2.7278631738471533,3.117557912968175,4.676336869452262,3.5072526520891967,2.338168434726131,0.0,2.338168434726131,8.18358952154146,16.36717904308292,50.0,6.23511582593635,10.13206321714657,61.53846153846154,1.9484736956051092,6.23511582593635,31.25,4.676336869452262,6.23511582593635,75.0,3.5072526520891967,4.2866421303312405,-1.9484736956051092,3.0
LA SALLE,19,D. Dungo,5.0,30.0,18.307725600519372,0.0,3.1162086128543613,3.1162086128543613,2.7266825362475657,2.3371564596407706,2.7266825362475657,0.0,2.7266825362475657,7.011469378922313,13.243886604631035,52.94117647058824,4.284786842674746,6.232417225708723,68.75,2.7266825362475657,7.011469378922313,38.88888888888889,1.5581043064271807,2.7266825362475657,57.14285714285714,3.5057346894611565,1.1685782298203853,3.8952607660679512,3.0
LA SALLE,21,M. Amos,5.0,30.0,10.747014718133855,1.4995834490419329,4.7486809219661215,6.248264371008054,3.249097472924188,0.9997222993612886,1.2496528742016109,0.7497917245209664,1.9994445987225773,3.9988891974451546,8.247708969730633,48.484848484848484,2.2493751735628993,3.249097472924188,69.23076923076923,1.749514023882255,4.9986114968064435,35.0,0.9997222993612886,1.4995834490419329,66.66666666666666,2.2493751735628993,1.9994445987225773,3.49902804776451,3.0
LA SALLE,30,M. Cortez,2.0,30.0,21.10009017132552,1.6230838593327321,0.0,1.6230838593327321,1.6230838593327321,1.6230838593327321,1.6230838593327321,0.0,1.6230838593327321,8.11541929666366,12.984670874661857,62.5,3.2461677186654643,6.4923354373309285,50.0,4.869251577998196,6.4923354373309285,75.0,0.0,0.0,0.0,1.6230838593327321,1.6230838593327321,4.869251577998196,2.0
LA SALLE,34,L. Daep,4.0,30.0,8.737864077669904,2.6213592233009715,1.747572815533981,4.368932038834952,0.8737864077669905,0.8737864077669905,0.0,0.0,0.0,4.368932038834952,9.611650485436893,45.45454545454545,4.368932038834952,7.8640776699029145,55.55555555555556,0.0,1.747572815533981,0.0,0.0,0.0,0.0,2.6213592233009715,1.747572815533981,7.8640776699029145,2.0
LA SALLE,77,S. Gagate,5.0,30.0,16.147757255936675,2.849604221635884,5.699208443271768,8.548812664907652,0.949868073878628,0.949868073878628,0.0,2.849604221635884,2.849604221635884,6.649076517150396,13.298153034300793,50.0,6.649076517150396,10.448548812664908,63.63636363636363,0.0,2.849604221635884,0.0,2.849604221635884,5.699208443271768,50.0,2.849604221635884,3.799472295514512,10.448548812664908,3.0
LA SALLE,99,G. Gomez,1.0,30.0,0.0,0.0,0.0,0.0,0.0,0.0,0.0,0.0,0.0,0.0,19.148936170212764,0.0,0.0,0.0,0.0,0.0,19.148936170212764,0.0,0.0,0.0,0.0,0.0,0.0,57.446808510638284,1.0
NU,1,D. Laconsay,5.0,30.0,8.664259927797834,0.5415162454873647,4.332129963898917,4.873646209386282,0.5415162454873647,2.7075812274368234,2.1660649819494586,0.0,2.1660649819494586,3.2490974729241877,9.747292418772563,33.33333333333333,2.7075812274368234,5.415162454873647,50.0,0.5415162454873647,4.332129963898917,12.5,1.6245487364620939,1.6245487364620939,100.0,3.790613718411552,0.5415162454873647,-10.830324909747294,3.0
NU,2,D. Miranda,4.0,30.0,11.26760563380282,0.0,2.816901408450705,2.816901408450705,0.0,2.816901408450705,0.0,0.0,0.0,2.816901408450705,5.63380281690141,50.0,2.816901408450705,5.63380281690141,50.0,0.0,0.0,0.0,5.63380281690141,5.63380281690141,100.0,5.63380281690141,8.450704225352116,2.816901408450705,3.0
NU,4,N. Tulabut,4.0,30.0,0.0,2.8753993610223643,2.8753993610223643,5.7507987220447285,2.8753993610223643,0.0,0.0,0.0,0.0,0.0,2.8753993610223643,0.0,0.0,0.0,0.0,0.0,2.8753993610223643,0.0,0.0,0.0,0.0,2.8753993610223643,0.0,-8.626198083067093,2.0
NU,5,P. Palacielo,5.0,30.0,13.959390862944161,2.284263959390863,5.32994923857868,7.614213197969542,6.598984771573604,2.791878172588832,1.2690355329949239,0.25380710659898476,1.5228426395939085,6.091370558375634,14.720812182741117,41.37931034482759,5.837563451776649,13.197969543147208,44.230769230769226,0.25380710659898476,1.5228426395939085,16.666666666666664,1.5228426395939085,2.791878172588832,54.54545454545454,3.299492385786802,2.5380710659898478,-1.2690355329949239,3.0
NU,7,P. Francisco,5.0,30.0,12.80325161945891,0.6858884796138701,4.343960370887844,5.029848850501715,2.0576654388416107,1.3717769592277402,3.2008129048647276,0.2286294932046234,3.4294423980693507,5.258478343706338,10.288327194208053,51.11111111111111,3.6580718912739743,5.487107836910961,66.66666666666666,1.6004064524323638,4.801219357297091,33.33333333333333,0.6858884796138701,1.143147466023117,60.0,1.3717769592277402,2.0576654388416107,14.17502857868665,3.0
NU,8,K. Figueroa,4.0,30.0,22.929936305732483,0.0,11.464968152866241,11.464968152866241,0.0,0.0,0.0,5.732484076433121,5.732484076433121,11.464968152866241,11.464968152866241,100.0,11.464968152866241,11.464968152866241,100.0,0.0,0.0,0.0,0.0,0.0,0.0,0.0,0.0,-45.859872611464965,2.0
NU,9,C. Cartel,5.0,30.0,4.5743329097839895,1.1435832274459974,1.1435832274459974,2.2871664548919948,1.1435832274459974,2.2871664548919948,1.1435832274459974,0.0,1.1435832274459974,2.2871664548919948,6.861499364675985,33.33333333333333,2.2871664548919948,6.861499364675985,33.33333333333333,0.0,0.0,0.0,0.0,0.0,0.0,2.2871664548919948,0.0,5.717916137229987,3.0
NU,12,R. Jumamoy,5.0,30.0,12.655931050124744,1.4288954411431163,5.103198004082558,6.532093445225675,4.694942163755954,1.2247675209798141,1.0206396008165117,0.0,1.0206396008165117,4.490814243592651,14.90133817192107,30.136986301369863,2.8577908822862326,7.348605125878883,38.88888888888889,1.6330233613064187,7.552733046042187,21.62162162162162,2.0412792016330235,2.2454071217963256,90.9090909090909,2.0412792016330235,3.8784304831027447,7.7568609662054895,3.0
NU,14,J. Solomon,5.0,30.0,3.8961038961038956,1.9480519480519478,0.0,1.9480519480519478,0.0,0.0,0.0,0.0,0.0,1.9480519480519478,5.844155844155844,33.33333333333333,1.9480519480519478,5.844155844155844,33.33333333333333,0.0,0.0,0.0,0.0,0.0,0.0,7.792207792207791,1.9480519480519478,-29.220779220779217,3.0
NU,19,M. Alfanta,5.0,30.0,10.064134188455846,0.2960039467192896,0.8880118401578687,1.1840157868771584,1.1840157868771584,1.1840157868771584,0.2960039467192896,1.1840157868771584,1.480019733596448,3.8480513073507647,9.176122348297978,41.935483870967744,2.664035520473606,6.2160828811050814,42.857142857142854,1.1840157868771584,2.960039467192896,40.0,1.1840157868771584,2.0720276270350273,57.14285714285714,2.0720276270350273,1.480019733596448,10.656142081894425,3.0
NU,21,K. Perciano,3.0,30.0,0.0,0.0,9.06801007556675,9.06801007556675,0.0,0.0,0.0,0.0,0.0,0.0,0.0,0.0,0.0,0.0,0.0,0.0,0.0,0.0,0.0,0.0,0.0,0.0,0.0,13.602015113350125,2.0
NU,24,T. Garcia,5.0,30.0,18.68277033402529,0.0,4.0762408001509725,4.0762408001509725,3.3968673334591433,3.057180600113229,1.0190602000377431,0.0,1.0190602000377431,7.473108133610116,13.247782600490659,56.41025641025641,7.473108133610116,12.908095867144745,57.89473684210527,0.0,0.3396867333459143,0.0,3.736554066805058,5.774674466880543,64.70588235294117,3.736554066805058,4.0762408001509725,-0.6793734666918286,3.0
NU,25,V. Reyes,5.0,30.0,9.316770186335404,2.7950310559006213,2.7950310559006213,5.590062111801243,3.726708074534162,2.7950310559006213,0.0,0.0,0.0,3.726708074534162,7.453416149068324,50.0,2.7950310559006213,4.658385093167702,60.0,0.9316770186335405,2.7950310559006213,33.33333333333333,0.9316770186335405,3.726708074534162,25.0,4.658385093167702,2.7950310559006213,-11.180124223602485,3.0
NU,30,M. Diassana,5.0,30.0,11.101493183293663,5.648128110798529,4.284786842674746,9.932914953473276,0.7790521532135903,1.7528673447305783,0.5842891149101926,1.1685782298203853,1.7528673447305783,4.674312919281541,8.180047608742699,57.14285714285714,4.674312919281541,8.180047608742699,57.14285714285714,0.0,0.0,0.0,1.7528673447305783,3.3109716511577587,52.94117647058824,1.7528673447305783,2.9214455745509635,9.348625838563082,3.0
NU,63,E. Serrano,4.0,30.0,15.835777126099707,10.557184750733137,0.0,10.557184750733137,0.0,0.0,0.0,0.0,0.0,5.278592375366569,10.557184750733137,50.0,5.278592375366569,10.557184750733137,50.0,0.0,0.0,0.0,5.278592375366569,10.557184750733137,50.0,10.557184750733137,5.278592375366569,-15.835777126099707,3.0
NU,77,K. Padrones,5.0,30.0,11.147540983606557,3.6065573770491803,4.918032786885245,8.524590163934425,2.622950819672131,2.622950819672131,0.6557377049180327,0.0,0.6557377049180327,4.918032786885245,8.196721311475411,60.0,4.918032786885245,7.868852459016394,62.5,0.0,0.32786885245901637,0.0,1.3114754098360655,3.278688524590164,40.0,3.278688524590164,2.622950819672131,14.754098360655737,3.0
UE,0,J. Datumalim,2.0,30.0,5.872756933115823,0.0,2.9363784665579113,2.9363784665579113,2.9363784665579113,0.0,0.0,0.0,0.0,2.9363784665579113,2.9363784665579113,100.0,2.9363784665579113,2.9363784665579113,100.0,0.0,0.0,0.0,0.0,0.0,0.0,14.681892332789555,0.0,0.0,0.0
UE,1,C. Cruz-Dumont,5.0,30.0,10.941350418925579,0.5914243469689502,1.7742730409068506,2.3656973878758008,0.0,0.5914243469689502,0.2957121734844751,0.2957121734844751,0.5914243469689502,3.8442582552981763,10.941350418925579,35.13513513513514,2.0699852143913255,3.8442582552981763,53.84615384615385,1.7742730409068506,7.097092163627402,25.0,1.4785608674223756,2.957121734844751,50.0,2.957121734844751,1.7742730409068506,-14.194184327254805,0.0
UE,2,M. Tanedo,5.0,30.0,13.774834437086094,0.5298013245033113,2.119205298013245,2.6490066225165565,5.033112582781457,1.8543046357615895,0.5298013245033113,0.26490066225165565,0.7947019867549668,5.033112582781457,9.801324503311259,51.35135135135135,4.768211920529802,7.6821192052980125,62.06896551724138,0.26490066225165565,2.119205298013245,12.5,3.4437086092715234,5.033112582781457,68.42105263157895,3.708609271523179,3.9735099337748347,-16.95364238410596,0.0
UE,4,T. Lagat,5.0,30.0,20.617110799438986,0.6311360448807853,1.6830294530154275,2.3141654978962127,1.051893408134642,2.103786816269284,1.051893408134642,0.21037868162692844,1.2622720897615707,7.573632538569423,17.040673211781204,44.44444444444444,5.2594670406732105,9.46704067321178,55.55555555555556,2.3141654978962127,7.573632538569423,30.555555555555557,3.1556802244039264,3.7868162692847114,83.33333333333334,2.945301542776998,3.99719495091164,-20.19635343618513,0.0
UE,7,A. Javier,1.0,30.0,30.85714285714286,0.0,0.0,0.0,0.0,10.285714285714286,10.285714285714286,0.0,10.285714285714286,10.285714285714286,20.571428571428573,50.0,10.285714285714286,20.571428571428573,50.0,0.0,0.0,0.0,10.285714285714286,10.285714285714286,100.0,0.0,10.285714285714286,51.42857142857143,0.0
UE,8,D. Robles,5.0,30.0,6.578947368421052,0.9868421052631579,1.9736842105263157,2.960526315789474,1.3157894736842104,2.631578947368421,3.289473684210526,0.6578947368421052,3.9473684210526314,2.960526315789474,6.249999999999999,47.368421052631575,2.960526315789474,5.921052631578948,50.0,0.0,0.3289473684210526,0.0,0.6578947368421052,1.3157894736842104,50.0,4.605263157894737,2.960526315789474,-12.171052631578947,0.0
UE,9,K. Perez,2.0,30.0,0.0,0.0,0.0,0.0,0.0,16.513761467889907,0.0,0.0,0.0,0.0,0.0,0.0,0.0,0.0,0.0,0.0,0.0,0.0,0.0,0.0,0.0,8.256880733944953,0.0,-49.54128440366972,0.0
UE,12,J. Edoukou,3.0,30.0,7.207207207207207,4.324324324324325,2.5225225225225225,6.846846846846846,1.4414414414414414,2.5225225225225225,2.5225225225225225,1.0810810810810811,3.6036036036036037,2.1621621621621623,6.126126126126127,35.294117647058826,2.1621621621621623,5.7657657657657655,37.5,0.0,0.36036036036036034,0.0,2.8828828828828827,5.045045045045045,57.14285714285714,3.6036036036036037,3.2432432432432434,-12.972972972972974,0.0
UE,14,G. Carillo,5.0,30.0,12.448132780082988,2.9875518672199166,4.730290456431535,7.7178423236514515,4.232365145228216,3.236514522821577,1.2448132780082988,0.995850622406639,2.240663900414938,5.228215767634855,12.199170124481327,42.857142857142854,3.983402489626556,8.215767634854773,48.484848484848484,1.2448132780082988,3.983402489626556,31.25,0.7468879668049792,2.7385892116182573,27.27272727272727,2.240663900414938,3.4854771784232366,-14.688796680497925,0.0
UE,15,J. Mascarinas,3.0,30.0,6.936416184971098,0.0,0.0,0.0,0.0,0.0,0.0,0.0,0.0,3.468208092485549,10.404624277456648,33.33333333333333,3.468208092485549,6.936416184971098,50.0,0.0,3.468208092485549,0.0,0.0,0.0,0.0,0.0,0.0,-76.30057803468208,0.0
UE,16,D. Santos,5.0,30.0,4.890196966266697,2.0375820692777906,4.482680552411138,6.5202626216889294,1.2225492415666743,1.6300656554222324,0.0,0.8150328277111162,0.8150328277111162,2.0375820692777906,8.557844690966721,23.809523809523807,2.0375820692777906,8.150328277111162,25.0,0.0,0.4075164138555581,0.0,0.8150328277111162,1.2225492415666743,66.66666666666666,4.482680552411138,0.8150328277111162,-11.817976001811184,0.0
UE,24,D. Jimenez,5.0,30.0,9.278350515463917,0.6627393225331369,3.976435935198821,4.639175257731958,0.6627393225331369,3.976435935198821,0.6627393225331369,1.3254786450662739,1.9882179675994105,3.313696612665684,6.627393225331368,50.0,3.313696612665684,6.627393225331368,50.0,0.0,0.0,0.0,2.6509572901325478,3.313696612665684,80.0,6.627393225331368,1.9882179675994105,-25.1840942562592,0.0
UE,29,K. Dungca,3.0,30.0,17.857142857142854,0.0,1.1904761904761905,1.1904761904761905,4.761904761904762,1.1904761904761905,0.0,0.0,0.0,5.952380952380952,15.476190476190474,38.46153846153847,0.0,2.380952380952381,0.0,5.952380952380952,13.095238095238093,45.45454545454545,0.0,0.0,0.0,2.380952380952381,0.0,-17.857142857142854,0.0
UE,30,C. Vazquez,5.0,30.0,7.912087912087912,1.5824175824175823,1.5824175824175823,3.1648351648351647,0.7912087912087912,2.373626373626374,0.7912087912087912,0.0,0.7912087912087912,3.1648351648351647,15.824175824175825,20.0,2.373626373626374,12.659340659340659,18.75,0.7912087912087912,3.1648351648351647,25.0,0.7912087912087912,1.5824175824175823,50.0,1.5824175824175823,2.373626373626374,-8.703296703296704,0.0
UE,34,O. Ajani,2.0,30.0,8.88645090510148,2.9621503017004938,5.430608886450906,8.3927591881514,0.0,0.9873834339001646,0.4936917169500823,1.4810751508502469,1.9747668678003292,2.9621503017004938,6.41799232035107,46.15384615384615,2.9621503017004938,5.9243006034009875,50.0,0.0,0.4936917169500823,0.0,2.9621503017004938,5.430608886450906,54.54545454545454,2.9621503017004938,3.455842018650576,-18.266593527153045,0.0
UE,54,L. Sabroso,5.0,30.0,7.964601769911505,0.3792667509481669,4.171934260429836,4.551201011378002,5.309734513274337,2.6548672566371687,1.8963337547408345,0.7585335018963338,2.6548672566371687,2.6548672566371687,8.72313527180784,30.434782608695656,2.6548672566371687,6.447534766118837,41.17647058823529,0.0,2.275600505689001,0.0,2.6548672566371687,4.171934260429836,63.63636363636363,1.5170670037926677,4.171934260429836,-14.032869785082175,0.0
UP,3,K. Franco,2.0,30.0,29.173419773095628,2.917341977309563,2.917341977309563,5.834683954619126,0.0,2.917341977309563,0.0,0.0,0.0,8.752025931928689,14.586709886547814,60.0,2.917341977309563,5.834683954619126,50.0,5.834683954619126,8.752025931928689,66.66666666666666,5.834683954619126,8.752025931928689,66.66666666666666,2.917341977309563,5.834683954619126,14.586709886547814,1.0
UP,8,J. Bayla,4.0,30.0,5.742935278030993,0.820419325432999,0.820419325432999,1.640838650865998,2.0510483135824975,2.0510483135824975,1.2306289881494985,0.0,1.2306289881494985,2.0510483135824975,6.563354603463992,31.25,1.2306289881494985,4.5123062898814945,27.27272727272727,0.820419325432999,2.0510483135824975,40.0,0.820419325432999,1.2306289881494985,66.66666666666666,2.8714676390154965,3.281677301731996,-10.665451230628987,2.0
UP,9,F. Nnoruka,4.0,30.0,15.300918055083308,3.97823869432166,8.568514110846651,12.546752805168312,1.5300918055083308,3.97823869432166,1.2240734444066645,1.5300918055083308,2.7541652499149953,5.508330499829991,9.792587555253316,56.25,5.202312138728324,9.180550833049985,56.666666666666664,0.30601836110166614,0.6120367222033323,50.0,3.97823869432166,6.732403944236656,59.09090909090909,3.672220333219994,4.896293777626658,2.7541652499149953,2.0
UP,11,R. Ogana,2.0,30.0,18.798955613577025,0.0,0.0,0.0,0.0,1.566579634464752,0.0,0.0,0.0,7.832898172323761,14.099216710182768,55.55555555555556,6.266318537859008,9.399477806788513,66.66666666666666,1.566579634464752,4.699738903394256,33.33333333333333,1.566579634464752,1.566579634464752,100.0,0.0,1.566579634464752,26.631853785900788,1.0
UP,15,V. Pre,4.0,30.0,16.83882284155135,1.403235236795946,5.963749756382771,7.366984993178717,2.806470473591892,3.508088091989865,1.0524264275969595,0.701617618397973,1.7540440459949325,7.01617618397973,14.03235236795946,50.0,5.262132137984797,9.471837848372635,55.55555555555556,1.7540440459949325,4.560514519586825,38.46153846153847,1.0524264275969595,1.403235236795946,75.0,3.1572792827908787,1.0524264275969595,11.225881894367568,2.0
UP,16,R. Remogat,4.0,30.0,13.649289099526067,0.3412322274881517,2.7298578199052135,3.0710900473933656,5.459715639810427,3.753554502369669,1.3649289099526067,0.0,1.3649289099526067,4.436018957345972,15.696682464454979,28.26086956521739,1.7061611374407584,6.483412322274882,26.31578947368421,2.7298578199052135,9.213270142180095,29.629629629629626,2.04739336492891,2.04739336492891,100.0,2.04739336492891,1.7061611374407584,-1.3649289099526067,2.0
UP,17,C. Palanca,4.0,30.0,8.071748878923767,2.0179372197309418,4.0358744394618835,6.053811659192825,0.0,0.0,2.0179372197309418,0.0,2.0179372197309418,4.0358744394618835,6.053811659192825,66.66666666666666,4.0358744394618835,6.053811659192825,66.66666666666666,0.0,0.0,0.0,0.0,0.0,0.0,6.053811659192825,0.0,-6.053811659192825,2.0
UP,18,J. Payosing,4.0,30.0,15.151515151515152,0.8658008658008658,5.194805194805196,6.0606060606060606,3.463203463203463,1.7316017316017316,0.0,0.4329004329004329,0.4329004329004329,3.463203463203463,6.4935064935064934,53.333333333333336,2.597402597402598,4.32900432900433,60.0,0.8658008658008658,2.164502164502165,40.0,7.359307359307359,10.389610389610391,70.83333333333334,2.164502164502165,6.0606060606060606,10.822510822510823,2.0
UP,23,R. Maga,4.0,30.0,7.1753986332574025,0.0,0.5125284738041002,0.5125284738041002,1.5375854214123006,1.0250569476082003,0.5125284738041002,0.0,0.5125284738041002,2.562642369020501,7.687927107061502,33.33333333333333,1.0250569476082003,2.0501138952164006,50.0,1.5375854214123006,5.637813211845102,27.27272727272727,0.5125284738041002,1.0250569476082003,50.0,4.612756264236902,1.0250569476082003,-8.712984054669704,2.0
UP,27,L. Andres,2.0,30.0,0.0,0.0,8.0,8.0,0.0,8.0,0.0,0.0,0.0,0.0,8.0,0.0,0.0,0.0,0.0,0.0,8.0,0.0,0.0,0.0,0.0,16.0,0.0,16.0,1.0
UP,30,M. Yniguez,4.0,30.0,11.618900077459335,2.3237800154918666,2.3237800154918666,4.647560030983733,0.9295120061967468,1.39426800929512,0.4647560030983734,0.4647560030983734,0.9295120061967468,3.2532920216886136,8.365608055770721,38.88888888888889,0.4647560030983734,1.8590240123934936,25.0,2.78853601859024,6.506584043377227,42.857142857142854,2.3237800154918666,3.2532920216886136,71.42857142857143,2.3237800154918666,2.3237800154918666,3.2532920216886136,2.0
UP,33,S. Alter,4.0,30.0,13.527054108216433,3.6072144288577155,6.312625250501003,9.919839679358716,0.0,1.8036072144288577,0.9018036072144289,0.9018036072144289,1.8036072144288577,5.410821643286574,6.312625250501003,85.71428571428571,5.410821643286574,6.312625250501003,85.71428571428571,0.0,0.0,0.0,2.705410821643287,2.705410821643287,100.0,2.705410821643287,2.705410821643287,-3.6072144288577155,2.0
UP,55,G. Stevens,4.0,30.0,8.846880907372402,5.103969754253309,5.784499054820416,10.888468809073725,1.3610586011342156,1.3610586011342156,1.0207939508506618,0.3402646502835539,1.3610586011342156,3.4026465028355393,6.1247637051039705,55.55555555555556,3.4026465028355393,6.1247637051039705,55.55555555555556,0.0,0.0,0.0,2.0415879017013236,4.763705103969754,42.857142857142854,2.7221172022684312,3.4026465028355393,-4.763705103969754,2.0
UP,77,C. Briones,4.0,30.0,9.152542372881356,0.0,3.050847457627119,3.050847457627119,0.0,1.0169491525423728,0.0,0.0,0.0,4.067796610169491,8.135593220338983,50.0,3.050847457627119,3.050847457627119,100.0,1.0169491525423728,5.084745762711864,20.0,0.0,0.0,0.0,0.0,1.0169491525423728,2.0338983050847457,2.0
UP,92,A. Poyos,4.0,30.0,12.7391874180865,0.0,0.9436435124508518,0.9436435124508518,7.549148099606814,2.8309305373525557,1.8872870249017035,0.0,1.8872870249017035,5.190039318479685,11.795543905635649,44.0,2.8309305373525557,5.190039318479685,54.54545454545454,2.3591087811271296,6.605504587155963,35.714285714285715,0.0,0.0,0.0,5.6618610747051115,1.8872870249017035,1.8872870249017035,2.0
UST,0,K. Canete,4.0,30.0,7.547169811320755,2.1563342318059298,1.6172506738544472,3.7735849056603774,3.7735849056603774,3.2345013477088944,2.1563342318059298,0.0,2.1563342318059298,2.695417789757412,7.008086253369271,38.46153846153847,1.6172506738544472,2.695417789757412,60.0,1.0781671159029649,4.3126684636118595,25.0,1.0781671159029649,1.0781671159029649,100.0,2.695417789757412,1.0781671159029649,6.469002695417789,2.0
UST,3,C. Akowe,4.0,30.0,15.75923392612859,3.9398084815321477,9.357045143638851,13.296853625170996,1.9699042407660738,4.186046511627907,0.0,1.9699042407660738,1.9699042407660738,6.40218878248974,12.80437756497948,50.0,6.155950752393981,12.311901504787961,50.0,0.24623803009575923,0.49247606019151846,50.0,2.7086183310533514,4.924760601915184,55.00000000000001,2.7086183310533514,4.924760601915184,-7.1409028727770165,2.0
UST,4,D. Sevilla,3.0,30.0,8.405603735823883,0.0,2.401601067378252,2.401601067378252,4.202801867911941,1.200800533689126,0.0,1.200800533689126,1.200800533689126,3.602401601067378,9.006004002668446,40.0,3.002001334222815,6.604402935290193,45.45454545454545,0.600400266844563,2.401601067378252,25.0,0.600400266844563,1.200800533689126,50.0,5.403602401601067,1.200800533689126,-13.80920613742495,1.0
UST,8,C. Bucsit,2.0,30.0,6.509945750452078,3.254972875226039,6.509945750452078,9.764918625678117,0.0,0.0,0.0,0.0,0.0,3.254972875226039,9.764918625678117,33.33333333333333,3.254972875226039,3.254972875226039,100.0,0.0,6.509945750452078,0.0,0.0,0.0,0.0,0.0,0.0,-39.05967450271247,1.0
UST,10,G. Crisostomo,2.0,30.0,4.851752021563342,0.0,2.425876010781671,2.425876010781671,0.0,2.425876010781671,2.425876010781671,0.0,2.425876010781671,2.425876010781671,7.277628032345013,33.33333333333333,2.425876010781671,7.277628032345013,33.33333333333333,0.0,0.0,0.0,0.0,0.0,0.0,9.703504043126683,2.425876010781671,-14.555256064690026,1.0
UST,11,M. Alao,4.0,30.0,1.9017432646592711,0.0,3.8034865293185423,3.8034865293185423,3.8034865293185423,0.9508716323296356,1.9017432646592711,0.0,1.9017432646592711,0.9508716323296356,9.508716323296357,10.0,0.9508716323296356,3.8034865293185423,25.0,0.0,5.705229793977813,0.0,0.0,0.0,0.0,4.754358161648178,1.9017432646592711,-16.164817749603802,2.0
UST,12,I. Danting,4.0,30.0,16.111387369467927,0.8950770760815515,4.475385380407758,5.370462456489308,1.790154152163103,1.790154152163103,0.8950770760815515,0.0,0.8950770760815515,5.370462456489308,12.531079065141721,42.857142857142854,1.790154152163103,4.475385380407758,40.0,3.580308304326206,8.055693684733964,44.44444444444444,1.790154152163103,2.685231228244654,66.66666666666666,5.370462456489308,1.790154152163103,-4.475385380407758,2.0
UST,14,M. Llemit,4.0,30.0,13.229338533073346,1.8899055047247637,4.859757012149392,6.749662516874156,1.6199190040497973,1.8899055047247637,1.349932503374831,1.0799460026998648,2.429878506074696,5.1297435128243585,11.609419529023548,44.18604651162791,4.319784010799459,8.369581520923953,51.61290322580645,0.8099595020248986,3.2398380080995945,25.0,2.1598920053997297,3.2398380080995945,66.66666666666666,1.6199190040497973,4.859757012149392,-2.1598920053997297,2.0
UST,15,L. Jumawan,4.0,30.0,10.95940959409594,1.3284132841328413,2.324723247232472,3.6531365313653135,2.6568265682656826,3.3210332103321027,2.324723247232472,0.33210332103321033,2.6568265682656826,3.6531365313653135,12.619926199261991,28.947368421052634,1.6605166051660514,4.317343173431734,38.46153846153847,1.9926199261992616,8.302583025830257,24.0,1.6605166051660514,1.9926199261992616,83.33333333333334,1.3284132841328413,2.6568265682656826,6.309963099630996,2.0
UST,19,K. Buenaflor,4.0,30.0,11.072380561820792,3.6907935206069307,2.2144761123641583,5.9052696329710885,1.8453967603034653,2.2144761123641583,0.36907935206069303,0.7381587041213861,1.1072380561820792,4.798031576789009,12.179618618002872,39.39393939393939,4.428952224728317,7.750666393274555,57.14285714285714,0.36907935206069303,4.428952224728317,8.333333333333332,1.1072380561820792,3.321714168546238,33.33333333333333,2.9526348164855443,2.2144761123641583,-6.274348985031782,2.0
UST,20,A. Acido,4.0,30.0,17.71217712177122,2.4907749077490773,4.151291512915129,6.642066420664206,4.704797047970479,2.4907749077490773,0.8302583025830258,0.0,0.8302583025830258,4.981549815498155,11.346863468634686,43.90243902439025,3.044280442804428,6.365313653136531,47.82608695652174,1.937269372693727,4.981549815498155,38.88888888888889,5.8118081180811805,6.088560885608856,95.45454545454545,0.8302583025830258,4.151291512915129,-6.918819188191882,2.0
UST,24,K. Porter,4.0,30.0,4.931506849315069,1.9726027397260277,4.931506849315069,6.904109589041097,3.9452054794520555,1.9726027397260277,0.0,0.9863013698630139,0.9863013698630139,0.9863013698630139,6.904109589041097,14.285714285714285,0.0,0.9863013698630139,0.0,0.9863013698630139,5.917808219178083,16.666666666666664,1.9726027397260277,3.9452054794520555,50.0,5.917808219178083,1.9726027397260277,6.904109589041097,2.0
UST,25,J. Sevilla,1.0,30.0,0.0,0.0,0.0,0.0,0.0,0.0,0.0,0.0,0.0,0.0,4.736842105263158,0.0,0.0,0.0,0.0,0.0,4.736842105263158,0.0,0.0,0.0,0.0,0.0,0.0,47.36842105263158,1.0
UST,26,C. Manding,4.0,30.0,5.099150141643059,1.6997167138810196,5.099150141643059,6.7988668555240785,0.0,0.0,0.0,0.0,0.0,1.6997167138810196,1.6997167138810196,100.0,1.6997167138810196,1.6997167138810196,100.0,0.0,0.0,0.0,1.6997167138810196,3.3994334277620393,50.0,6.7988668555240785,1.6997167138810196,-8.498583569405097,2.0
UST,30,C. Esteban,4.0,30.0,14.736842105263156,3.157894736842105,2.1052631578947367,5.263157894736842,1.0526315789473684,2.1052631578947367,1.0526315789473684,0.0,1.0526315789473684,5.263157894736842,13.684210526315788,38.46153846153847,4.2105263157894735,10.526315789473683,40.0,1.0526315789473684,3.157894736842105,33.33333333333333,3.157894736842105,4.2105263157894735,75.0,2.1052631578947367,2.1052631578947367,0.0,2.0
UST,77,A. Chio,2.0,30.0,15.67489114658926,0.0,0.0,0.0,2.612481857764877,5.224963715529754,0.0,0.0,0.0,5.224963715529754,10.449927431059509,50.0,0.0,2.612481857764877,0.0,5.224963715529754,7.83744557329463,66.66666666666666,0.0,0.0,0.0,0.0,0.0,10.449927431059509,1.0
