TEAM,NO.,PLAYER,GP,MPG,SP,aSP,DRE,GmSc,EFF,DRE+,GmSc+,EFF+,PER,OWS,DWS,WS,ORtg,DRtg,Floor%,Stop%,EWA,PIE,POS/G,POS%,USG%,EFG%,TS%,PPWS,eTS%,ePPWS,FTR,T/G,%Pass,%Shoot,%Fouled,%TO,AST/TO,Econ,PPR,AR,pAST%,hAST%,TOR,hTO%,STL%,BLK%,REB%,OREB%,DREB%
ADU,3,M. Montebon,1.0,30.3,76.0,76.0,17.17641,16.300000000000004,19.0,353.12499330391813,306.1927958536327,219.78531576553192,39.376244726920355,0.0980380734752863,0.05355330099479358,0.15159137447007986,150.88705031129416,85.62585404511721,59.473302748504366,0.26121957547054403,0.43047473394312774,44.303797468354425,11.369514842004468,35.50243608484794,20.30079985151415,69.23076923076923,69.23076923076923,1.3846153846153846,54.54545454545454,1.0909090909090908,0.0,19.88235294117647,29.58579881656804,65.38461538461539,0.0,5.0295857988165675,1.0,4.0,-1.4597434052379845,8.795450060063407,10.346611484738744,0.06666666666666667,8.795450060063407,0.06666666666666667,35.18180024025363,0.0,3.9211841976276833,2.75027502750275,4.981630238495548
ADU,5,P. Jonah,1.0,27.833333333333332,66.0,66.0,5.33049,6.599999999999998,12.0,109.58804811695823,123.97990506956897,138.81177837823068,19.279323022889972,0.025723069584317415,0.05011406008916899,0.07583712967348641,64.03048555755669,84.45426855085802,33.939438183015,0.28963026054696406,0.11713987933852614,11.39240506329114,12.128089691322073,41.22740779739167,23.299622196731317,40.0,34.01360544217687,0.6802721088435374,34.01360544217687,0.6802721088435374,0.4,22.88235294117647,25.706940874035986,43.70179948586118,17.480719794344473,13.110539845758355,0.3333333333333333,-1.0,-11.123769206621912,8.24532160836115,8.843036109064112,0.06345177664974619,24.73596482508345,0.1903553299492386,8.24532160836115,32.9812864334446,15.651864587656373,14.97005988023952,16.269348096260313
ADU,6,N. Pacquiao,1.0,0.3333333333333333,15.0,15.0,0.0,0.0,0.0,0.0,0.0,0.0,0.0,0.0,0.0005250959311478847,0.0005250959311478847,,92.43326971019056,,0.09614127466162246,-0.0017943615257048093,0.0,0.0,0.0,0.0,,,,,,,0.0,,,,,,0.0,0.0,,0.0,,,,,,0.0,0.0,0.0
ADU,9,A. Perez,1.0,0.7666666666666667,15.0,15.0,0.0,0.0,0.0,0.0,0.0,0.0,0.0,0.0,0.001207720641640135,0.001207720641640135,,92.43326971019056,,0.09614127466162246,-0.004127031509121062,0.0,0.0,0.0,0.0,,,,,,,0.0,,,,,,0.0,0.0,,0.0,,,,,,0.0,0.0,0.0
ADU,11,J. Barcelona,1.0,23.383333333333333,43.0,43.0,4.7947,5.0,11.0,98.5728918554166,93.92417050724926,127.24413018004479,16.16326024664116,0.038841216710035466,0.04158520052766505,0.08042641723770053,102.15903790914655,85.23698493533774,57.395148733283484,0.270649564035636,0.06216081364873586,18.9873417721519,1.9946940209372586,8.071025418037586,3.5324756014916567,100.0,53.191489361702125,1.0638297872340425,53.191489361702125,1.0638297872340425,2.0,8.882352941176471,66.22516556291389,11.258278145695364,22.516556291390728,0.0,inf,1.0,3.783055610438568,50.13300233035862,8.431110798847747,0.3472222222222222,0.0,0.0,0.0,0.0,16.936832671150224,10.691375623663577,22.59309565755322
ADU,13,H. Cruz-Dumont,1.0,6.3,15.0,15.0,-1.15296,-2.3,-1.0,-23.703381106976686,-43.205118433334654,-11.567648198185891,-14.83762764426595,-0.008018800783929771,0.010482723130103297,0.002463922346173526,0.0,89.29305511457862,0.0,0.17229077325602138,-0.0804194299297888,-12.658227848101266,0.5416666666666667,8.134866139287073,6.974084302731051,0.0,0.0,0.0,0.0,0.0,0.0,1.0,0.0,100.0,0.0,0.0,,0.0,0.0,0.0,0.0,0.0,0.0,0.0,0.0,0.0,0.0,0.0,0.0
ADU,15,R. Torres,1.0,11.566666666666666,23.0,23.0,-2.49955,-1.9999999999999991,-3.0,-51.387547049284954,-37.569668202899685,-34.70294459455767,-3.035353320155567,-0.014776131475084825,0.018220828810831598,0.0034446973357467724,67.43867321832984,92.43326971019056,29.492841574809486,0.09614127466162248,-0.07973146935479239,-7.59493670886076,7.028333333333334,57.49141269139089,35.40262252903369,25.0,34.15300546448087,0.6830601092896175,28.34467120181406,0.5668934240362812,0.5,11.0,0.0,54.54545454545455,27.272727272727273,18.181818181818183,0.0,-2.0,-22.943632657544573,0.0,0.0,0.0,28.45624851790372,0.2145922746781116,0.0,0.0,0.0,0.0,0.0
ADU,18,M. Erolon,1.0,21.316666666666663,59.0,59.0,5.74418,5.4,9.0,118.09298474107806,101.43810414782921,104.10883378367302,22.2103103008513,0.016906702911354526,0.03916845738786987,0.056075160299224394,73.21803495690935,83.14514007642629,38.57541237002384,0.3213763319979184,0.12079773528017256,16.455696202531644,11.200570885822836,49.71411523343636,27.454445270429034,37.5,42.91845493562232,0.8583690987124464,35.3356890459364,0.7067137809187279,0.375,26.764705882352942,43.95604395604395,29.89010989010989,11.208791208791208,14.945054945054945,0.5,1.0,-16.599302647209736,17.856232690170348,22.92482567580476,0.13054830287206265,35.712465380340696,0.2610966057441253,26.784349035255524,8.928116345085174,9.289435589375984,7.818608287724786,10.621505598418578
ADU,20,M. Anabo,1.0,17.5,26.0,26.0,-2.22557,-2.0,-4.0,-45.75486911103083,-37.569668202899706,-46.270592792743564,-3.1424882870558233,-0.019042701768831757,0.027707138893116018,0.00866443712428426,61.23217455741272,92.15065039658548,25.29988186345192,0.10299472953511839,-0.12156395274799846,-13.924050632911392,7.671666666666667,41.47730456027639,27.31609339693698,27.77777777777778,25.303643724696357,0.5060728744939271,21.04377104377104,0.42087542087542085,0.2222222222222222,12.0,0.0,75.0,16.666666666666668,8.333333333333334,0.0,-1.0,-7.582324316350444,0.0,0.0,0.0,13.03497718878992,0.09191176470588235,0.0,0.0,2.263083451202263,4.761904761904762,0.0
ADU,21,E. Medina,1.0,14.983333333333333,17.0,17.0,-1.9181,-2.9,-3.0,-39.43367966043226,-54.47601889420457,-34.70294459455767,-10.331074496681783,-0.032075203135719085,0.024381309747511886,-0.007693893388207199,0.0,90.5931077944834,0.0,0.14076478778375728,-0.15766845748355657,-10.126582278481013,2.166666666666667,13.681777088545111,11.729494400143881,0.0,0.0,0.0,0.0,0.0,0.0,4.0,0.0,100.0,0.0,0.0,,0.0,0.0,0.0,0.0,0.0,0.0,0.0,0.0,0.0,2.643200916309651,0.0,5.037043255608958
ADU,24,M. Edding,1.0,23.116666666666667,57.0,57.0,5.508910000000001,5.6999999999999975,10.0,113.25613483038003,107.0735543782641,115.67648198185891,23.287463884055196,0.03795281893241637,0.03917204225433074,0.0771248611867471,100.39679416395275,88.20851577750952,48.888953660618895,0.19859060857272842,0.1433861725305519,11.39240506329114,10.315491979068371,42.22052067201266,24.48039351092178,40.0,45.955882352941174,0.9191176470588235,45.955882352941174,0.9191176470588235,0.2,31.64705882352941,55.762081784386616,31.59851301115242,6.319702602230484,6.319702602230484,1.5,2.0,0.0,29.082471355582797,34.42669981830353,0.1889168765743073,19.388314237055198,0.12594458438287154,9.694157118527599,19.388314237055198,3.4264421395275795,3.6049026676279747,3.2648175103045802
ADU,27,A. Fransman,1.0,16.083333333333332,21.0,21.0,-2.0551,-3.8000000000000003,-2.0,-42.25022421675322,-71.38236958550944,-23.135296396371782,-11.001893018617364,-0.04009400391964886,0.027670621605128846,-0.012423382314520014,0.0,87.29035086390849,0.0,0.22085590149105008,-0.17461133302625007,-12.658227848101266,2.708333333333334,15.932535754665878,13.659087390841126,0.0,0.0,0.0,0.0,0.0,0.0,5.0,0.0,100.0,0.0,0.0,,0.0,0.0,0.0,0.0,0.0,0.0,0.0,0.0,0.0,7.387267224131739,0.0,14.0776224459869
ADU,33,J. Tumaneng,1.0,6.4,16.0,16.0,-0.9603000000000002,-0.7,0.0,-19.74253822945264,-13.149383871014894,0.0,-6.415952810485495,-0.008018800783929771,0.010720487012601785,0.0027016862286720136,0.0,88.89796949421294,0.0,0.1818715108064884,-0.05488064576472993,0.0,1.0,14.783554810819776,6.865114235500878,,,,,,,1.0,0.0,0.0,0.0,100.0,0.0,-1.0,-20.73291805252075,0.0,0.0,0.0,100.0,1.0,0.0,0.0,6.188118811881187,0.0,11.792452830188678
FEU,3,J. Bautista,1.0,24.916666666666668,27.0,27.0,2.545569999999999,2.199999999999999,5.0,52.3336593155761,41.32663502318965,57.83824099092946,9.985974506837763,0.0131047846084778,0.038777779906535595,0.0518825645150134,107.90921955647184,93.10600972146013,36.467533993707264,0.18258467155747984,-0.010338873236132206,2.5316455696202533,7.919216841463724,30.071226537836573,18.348776887213404,45.0,45.0,0.9,34.61538461538461,0.6923076923076923,0.0,16.88235294117647,34.843205574912886,59.23344947735192,0.0,5.923344947735192,1.0,0.0,-1.775126094128867,12.627511280713563,11.31808535722707,0.08333333333333333,12.627511280713563,0.08333333333333333,0.0,0.0,4.7683698135699855,0.0,10.033444816053512
FEU,5,J. Daa,1.0,16.566666666666666,8.0,8.0,1.41401,0.7999999999999998,1.0,29.0702348035284,15.027867281159878,11.567648198185891,4.5071126832387645,0.010103688987751514,0.02556010759166529,0.035663796579416804,0.0,93.58199279214928,14.96210517870679,0.1714118189428211,-0.05203159198060256,-5.063291139240507,0.88,5.0258137240163165,2.207760277374973,,0.0,0.0,0.0,0.0,inf,1.9047619047619047,0.0,0.0,100.0,0.0,,1.0,0.0,0.0,0.0,0.0,0.0,0.0,113.63636363636364,0.0,4.781162220849851,9.111271401996888,0.0
FEU,6,C. Cabonilas,1.0,24.466666666666665,53.0,53.0,6.836800000000001,8.599999999999998,13.0,140.5558527201102,161.54957327246868,150.3794265764166,25.700052977483207,0.054207751467456086,0.04075740791400138,0.09496515938145747,86.83918127841883,89.2253945539456,41.98896103161662,0.2736751829449412,0.18112701302608078,20.253164556962027,11.76726555722994,45.50505033384996,26.02485611584119,42.30769230769231,38.40782122905028,0.7681564245810055,33.70098039215686,0.6740196078431372,0.23076923076923078,22.73949579831933,25.86844050258684,57.16925351071692,12.564671101256467,4.397634885439763,1.0,1.0,-1.8077748710644794,8.49815103718458,15.10193808205387,0.061274509803921566,8.49815103718458,0.061274509803921566,8.49815103718458,0.0,19.424285752825966,18.50804585882474,20.43596730245232
FEU,10,R. Montemayor,1.0,2.6,7.0,7.0,1.3524599999999998,1.0,1.0,27.804845625122887,18.784834101449853,11.567648198185891,26.868683781339815,-0.014920115679576998,0.004912850572625389,-0.010007265106951609,37.23805603669122,81.29930716536549,18.61902801834561,0.4597259306643796,0.020759491458449512,2.5316455696202533,2.5283018867924527,92.00563574571146,47.9570305006714,50.0,50.0,1.0,40.0,0.8,0.0,3.0,0.0,66.66666666666667,0.0,33.333333333333336,0.0,0.0,-51.03487520620491,0.0,0.0,0.0,39.552238805970156,0.3333333333333333,39.552238805970156,0.0,0.0,0.0,0.0
FEU,13,J. Pasaol,1.0,28.5,45.0,45.0,-0.8749400000000003,-0.5999999999999988,1.0,-17.987645942390188,-11.270900460869889,11.567648198185891,6.9737401494326825,-0.0003076921709985675,0.04369210699018211,0.043384414819183544,71.88757679391682,93.9294441293774,36.94528710642605,0.16325601925020714,-0.05453652026923809,-6.329113924050633,16.923970275421972,56.18446420960233,29.750185938662113,22.727272727272727,35.714285714285715,0.7142857142857143,30.726256983240223,0.6145251396648045,0.9090909090909091,54.93557422969188,53.53864980624107,20.023455027534162,17.336324699163775,9.101570467060982,1.0,1.0,-7.759688627844022,29.54389495271867,43.33694474539545,0.1968503937007874,29.54389495271867,0.1968503937007874,5.908778990543734,0.0,2.779225290950148,2.64812975835816,2.923976608187134
FEU,18,E. Gish,1.0,10.033333333333331,33.0,33.0,6.673740000000001,6.8999999999999995,12.0,137.2035479365066,129.61535530000396,138.81177837823068,49.681496491270536,0.04651122360664745,0.018200536622745834,0.06471176022939329,124.00443898513987,83.97592605806904,61.881674991474966,0.396897081834758,0.1939852478254134,21.518987341772153,4.238527858470669,39.969494057390165,18.392556813945205,66.66666666666666,72.67441860465115,1.4534883720930232,63.45177664974619,1.2690355329949239,0.3333333333333333,16.71708683473389,70.37533512064343,17.94571045576408,5.697050938337802,5.981903485254692,2.0,2.0,4.408328090901421,47.186194518056865,72.3109370292257,0.31055900621118016,23.593097259028433,0.15527950310559008,23.593097259028433,23.593097259028433,19.736192888391834,15.044192314925095,24.91694352159469
FEU,21,A. Nakai,1.0,5.15,3.0,3.0,-1.75103,-0.7000000000000001,0.0,-35.99893441207795,-13.149383871014898,0.0,-6.9246479920448145,0.002957952807079373,0.007661685274595672,0.010619638081675046,8.329431385244266,95.53612200385375,9.383145616189813,0.12554212521450817,-0.04546514286518945,-5.063291139240507,1.5283018867924527,28.07765090283558,16.140877579513997,0.0,0.0,0.0,0.0,0.0,0.0,2.0,0.0,50.0,0.0,50.0,0.0,-1.0,-25.765179715753938,0.0,0.0,0.0,65.4320987654321,0.5,0.0,0.0,15.380178794578484,29.309397325517487,0.0
FEU,25,M. Burgos,1.0,6.383333333333334,7.0,7.0,0.3859199999999997,1.6999999999999997,3.0,7.934020986681617,31.934217972464747,34.70294459455767,18.222585375456976,0.016455293414843204,0.009452447087181098,0.025907740502024303,69.16177548867812,95.78074415195931,39.767515198848024,0.11980005711299462,0.023509039791044958,2.5316455696202533,2.0,29.644308341278293,13.022274600704506,100.0,100.0,2.0,100.0,2.0,0.0,2.0,0.0,50.0,0.0,50.0,0.0,-1.0,-20.78705099782759,0.0,0.0,0.0,50.0,0.5,0.0,0.0,12.408551560116846,23.646485048524557,0.0
FEU,31,K. Mongcopa,1.0,29.116666666666667,28.0,28.0,-5.416900000000002,-3.7000000000000006,0.0,-111.3645270593794,-69.50388617536446,0.0,-5.996437247044572,-0.06634978476615165,0.0475882734811623,-0.018761511284989353,31.636324435543216,90.33905024424786,16.346290243015385,0.2475341042859713,-0.2436012924592609,-6.329113924050633,12.977776767447146,42.171349100760814,24.266751552715235,18.181818181818183,18.181818181818183,0.36363636363636365,16.0,0.32,0.0,22.88235294117647,25.706940874035986,48.0719794344473,0.0,26.22107969151671,0.16666666666666666,-4.0,-24.305103704386084,7.70548005193273,8.452787658930019,0.05555555555555555,46.232880311596375,0.3333333333333333,7.70548005193273,7.70548005193273,10.881454487749863,5.184089166333661,17.172295363480252
FEU,35,M. Konateh,1.0,35.86666666666667,27.0,27.0,-1.0027800000000004,-0.30000000000000027,2.0,-20.615872629106036,-5.6354502304349605,23.135296396371782,1.4472124722172084,-0.03687862662523165,0.054914469496324045,0.018035842871092396,53.56857199625185,93.99972676817524,27.96704934857856,0.1616062598091401,-0.16724907761018715,-1.2658227848101267,10.009219392428571,26.403897725172577,14.92551150006026,22.22222222222222,25.303643724696357,0.5060728744939271,25.303643724696357,0.5060728744939271,0.2222222222222222,25.669467787114847,45.831514622435606,35.061108686163244,7.420340462680051,11.687036228721082,0.6666666666666666,-1.0,-6.165923584392788,19.981578198924193,13.300820217246729,0.13440860215053763,29.97236729838629,0.20161290322580644,0.0,29.97236729838629,3.3125989178843533,0.0,6.970260223048327
FEU,72,L. Felipe,1.0,16.316666666666666,10.0,10.0,0.6163899999999999,0.40000000000000047,0.0,12.672189044311475,7.513933640579949,0.0,5.40628087105178,0.006934325245815734,0.023691294790826094,0.030625620036641828,88.11850850139268,96.80220690553523,48.93878459449192,0.0958230430134313,-0.04394718928059957,-1.2658227848101267,4.433207547169811,25.70664927104058,16.09867058604765,20.0,31.645569620253163,0.6329113924050632,24.038461538461537,0.4807692307692307,0.6,7.857142857142858,0.0,63.63636363636363,36.36363636363636,0.0,,0.0,0.0,0.0,0.0,0.0,0.0,0.0,0.0,0.0,2.427209013036135,4.625436043710371,0.0
LA SALLE,1,J. Macalalag,1.0,27.283333333333335,30.0,30.0,0.39455999999999986,-0.7000000000000004,0.0,8.111648322204342,-13.149383871014905,0.0,0.8415177938236518,-0.009078631476922436,0.03944347443693409,0.030364842960011657,54.05244819910773,97.02435904385845,29.3238363493263,0.09325025742703247,-0.13544589860290784,-1.4492753623188406,5.966236950271125,13.629600920595658,10.420190128081504,20.0,25.510204081632654,0.5102040816326531,23.510971786833856,0.4702194357366771,0.4,14.08235294117647,41.77109440267334,35.50543024227235,15.622389306599835,7.101086048454469,1.0,1.0,-1.0679303838595178,16.760983654103057,4.245383145828911,0.12690355329949238,16.760983654103057,0.12690355329949238,16.760983654103057,0.0,1.6289961311341885,0.0,3.1871663435234128
LA SALLE,2,V. Marasigan,1.0,8.766666666666667,31.0,31.0,2.81732,0.3999999999999997,3.0,57.92049130959233,7.5139336405799355,34.70294459455767,10.678280766841242,0.005287727751923806,0.01394317470645199,0.019230902458375797,88.34864828565094,91.89517472577465,55.08629894374826,0.2176823962592481,-0.0006181120782877848,-0.7246376811594203,2.6454222192901438,18.807911581982278,13.009458567702605,0.0,36.23188405797102,0.7246376811594204,36.23188405797102,0.7246376811594204,4.0,11.28235294117647,52.137643378519286,8.86339937434828,38.99895724713244,0.0,inf,2.0,6.6471560394601905,37.80114919683157,12.674271229404308,0.26595744680851063,0.0,0.0,37.80114919683157,0.0,10.139416983523446,0.0,19.83798975037196
LA SALLE,3,K. Sardon,1.0,2.9833333333333334,17.0,17.0,-1.30409,-0.7,-1.0,-26.810420368267096,-13.149383871014894,-11.567648198185891,-9.066936536695005,-0.002421645205673484,0.004183088559510896,0.0017614433538374118,16.434811720680802,98.56710412713127,17.799824397526564,0.055823824980900986,-0.029517094859605353,-1.0869565217391304,1.4545454545454546,30.38824283288889,27.702109977376608,0.0,0.0,0.0,0.0,0.0,0.0,2.0,0.0,100.0,0.0,0.0,,0.0,0.0,0.0,0.0,0.0,0.0,0.0,0.0,0.0,14.8975791433892,30.47232097511427,0.0
LA SALLE,6,M. Kulang,1.0,13.783333333333331,48.0,48.0,4.16305,7.399999999999997,13.0,85.58697675322587,139.00777235072886,150.3794265764166,23.214360476017102,0.059023069688383556,0.02156425262396897,0.08058732231235252,82.64096053768051,92.81487460911832,64.82816203171815,0.1953708128823914,0.08499283676340084,6.159420289855073,2.8960517715515524,13.095803001953366,8.993974037394947,50.0,50.0,1.0,50.0,1.0,0.0,8.882352941176471,66.22516556291389,22.516556291390728,0.0,11.258278145695364,1.0,1.0,-2.1139081479782718,34.529769454509875,8.768084173608068,0.25,34.529769454509875,0.25,34.529769454509875,0.0,35.46956872228941,46.16906672529406,25.23526628463277
LA SALLE,7,E. Abadam,1.0,22.666666666666668,41.0,41.0,4.462509999999999,4.6,5.0,91.7434908615169,86.41023686666931,57.83824099092946,10.65195833046737,0.020661607114980086,0.03183053094289034,0.052492138057870424,104.62721749365882,98.49144620892656,46.78399346968695,0.05765925845296663,-0.0018949972683613423,2.898550724637681,8.693418972332015,23.904684927774813,18.230432668935343,45.0,45.0,0.9,36.0,0.72,0.0,21.764705882352942,54.05405405405404,45.945945945945944,0.0,0.0,inf,2.0,5.141770701111853,23.00590833554981,12.195121951219514,0.16666666666666666,0.0,0.0,0.0,0.0,0.0,0.0,0.0
LA SALLE,9,L. Pablo,1.0,24.35,66.0,66.0,10.826459999999999,12.299999999999997,20.0,222.57815311844195,231.05345944783312,231.35296396371783,24.22700363091257,0.0379601677121717,0.036786387326951234,0.07474655503912293,106.77402450091623,94.72026067101373,54.70519100873853,0.14914684269928988,0.1624181783147866,11.956521739130435,13.357972855497358,34.19177621348631,23.75820930982402,72.72727272727273,72.72727272727273,1.4545454545454546,72.72727272727273,1.4545454545454546,0.0,19.88235294117647,29.58579881656804,55.32544378698225,0.0,15.088757396449704,0.3333333333333333,-2.0,-8.37605357196866,7.48616583382604,7.186489399928135,0.06666666666666667,22.45849750147812,0.2,0.0,14.97233166765208,12.776637006616474,3.733432891543774,21.426658334077313
LA SALLE,11,J. Cortez,1.0,26.233333333333334,64.0,64.0,7.210649999999999,5.899999999999998,8.0,148.24172996376407,110.83052119855408,92.54118558548713,13.320664413663215,0.020142532565340817,0.0390140754398113,0.059156608005152114,87.64665511537136,95.5542304953905,45.874392508641684,0.1289150392519345,0.03263719558130928,5.072463768115942,11.967386791070297,28.433211889769513,20.792422317199954,30.0,36.885245901639344,0.7377049180327869,32.846715328467155,0.6569343065693432,0.5,45.91176470588235,64.06149903907752,21.780909673286356,11.979500320307496,2.178090967328636,5.0,6.0,7.774723169406743,41.780215574972885,24.260067928190196,0.27472527472527475,8.356043114994577,0.054945054945054944,16.712086229989154,0.0,3.38839474798814,0.0,6.6294679851941885
LA SALLE,13,J. Tovera,1.0,14.35,76.0,76.0,17.01511,15.2,18.0,349.8088718664395,285.52947834203775,208.21766756734604,55.37164243049495,0.05224080497351274,0.02271093314553797,0.0749517381190507,121.37486188846567,92.17267438543279,60.25167869274216,0.21095035583427588,0.31806769595900625,12.318840579710146,16.613109716552856,72.15710547121887,52.06323609871282,60.71428571428571,64.40281030444966,1.288056206088993,57.65199161425577,1.1530398322851154,0.5,28.58235294117647,20.58036633052068,48.981271866639226,26.939699526651573,3.498662276188516,1.0,3.0,-2.030432100322916,6.019342658067363,20.345879959308235,0.052410901467505246,6.019342658067363,0.052410901467505246,18.058027974202087,0.0,3.097173828881146,0.0,6.059687926071807
LA SALLE,19,D. Dungo,1.0,15.066666666666666,52.0,52.0,9.2162,9.7,12.0,189.47326963478227,182.21289078406355,138.81177837823068,30.491177484837564,0.039521766203917764,0.022265438057246716,0.06178720426116448,135.66158468303044,95.88726017518526,57.1735538848567,0.1208358608131001,0.14745227567407262,7.971014492753622,8.487804340987733,35.112216926270456,24.68368317121334,75.0,75.0,1.5,63.1578947368421,1.263157894736842,0.0,20.764705882352942,56.65722379603398,38.52691218130312,0.0,4.81586402266289,2.0,2.0,1.9338518123650776,23.563219881753994,23.364485981308412,0.18181818181818182,11.781609940876997,0.09090909090909091,11.781609940876997,0.0,2.949852507374631,0.0,5.7714505579068875
LA SALLE,21,M. Amos,1.0,26.6,56.0,56.0,5.2628699999999995,5.399999999999997,9.0,108.19786751186025,101.43810414782915,104.10883378367302,10.733020149744492,0.021955019961140368,0.03971051156774064,0.06166553152888101,78.95813112398878,95.35294165313714,39.55308362518872,0.13379823307211766,-0.0011510766252718987,4.710144927536232,8.719123469653555,20.43013621912934,15.348288075560806,31.25,33.78378378378378,0.6756756756756757,26.36203866432337,0.5272407732864675,0.25,28.84705882352941,61.174551386623165,27.73246329526917,7.626427406199023,3.4665579119086463,3.0,3.0,3.2860940571015607,34.407128313314296,13.673655423883318,0.2329192546583851,11.469042771104764,0.07763975155279502,11.469042771104764,11.469042771104764,10.025062656641603,6.835269993164729,13.076168682576004
LA SALLE,30,M. Cortez,1.0,3.0833333333333335,19.0,19.0,0.20446999999999996,-0.09999999999999976,0.0,4.203641353510549,-1.8784834101449808,0.0,4.530135930578104,-0.0015070418212818045,0.004371709393028312,0.0028646675717465073,73.05614429904807,98.01091618789663,36.528072149524036,0.06931674131608612,-0.009648630620589144,-0.7246376811594203,2.4545454545454546,49.6170194632946,40.20549475094929,33.33333333333333,33.33333333333333,0.6666666666666666,28.57142857142857,0.5714285714285714,0.0,3.0,0.0,100.0,0.0,0.0,,0.0,0.0,0.0,0.0,0.0,0.0,0.0,0.0,0.0,0.0,0.0,0.0
LA SALLE,34,L. Daep,1.0,7.366666666666666,23.0,23.0,2.23304,1.9000000000000001,3.0,45.90844274486818,35.69118479275472,34.70294459455767,14.807907725156374,0.00895735920204132,0.010426001893792846,0.019383361095834165,133.13085262433898,98.1015169381792,66.56542631216949,0.06711880019361252,0.014615714879926345,0.7246376811594203,2.7272727272727275,23.074782807213428,16.828091694401856,66.66666666666666,66.66666666666666,1.3333333333333333,66.66666666666666,1.3333333333333333,0.0,3.0,0.0,100.0,0.0,0.0,,0.0,0.0,0.0,0.0,0.0,0.0,0.0,0.0,0.0,0.0,0.0,0.0
LA SALLE,77,S. Gagate,1.0,7.366666666666666,31.0,31.0,4.3473299999999995,3.9999999999999996,7.0,89.37553756226838,75.1393364057994,80.97353738730123,24.712944697461197,0.010995016439372911,0.011460431971169178,0.02245544841054209,203.0567754570102,93.12670363954615,100.0,0.18780595445659676,0.050917757514741695,3.6231884057971016,1.1521403197158082,9.747975468321094,5.609363898133952,100.0,100.0,2.0,100.0,2.0,0.0,6.88235294117647,85.47008547008546,14.529914529914532,0.0,0.0,inf,1.0,7.910416463249007,86.79498346578688,17.761989342806398,0.5,0.0,0.0,0.0,173.58996693157377,12.066365007541478,0.0,23.608105449537675
NU,1,D. Laconsay,1.0,8.866666666666667,11.0,11.0,0.4820699999999996,-0.09999999999999987,2.0,9.910741855953582,-1.8784834101449828,23.135296396371782,7.589942799212438,0.005646408571919029,0.012620685300647796,0.018267093872566826,98.19788252579743,97.81486239856966,45.45272532301131,0.10299987470001526,-0.014248676872462547,0.0,4.885217391304348,34.34026038687574,26.52705451757417,25.0,46.99248120300752,0.9398496240601504,39.55696202531646,0.7911392405063291,0.75,8.176470588235293,0.0,48.92086330935252,38.84892086330936,12.23021582733813,0.0,-1.0,-9.858282171304682,0.0,0.0,0.0,20.469918120327517,0.1582278481012658,0.0,0.0,5.012531328320802,0.0,10.252904989747096
NU,4,N. Tulabut,1.0,3.966666666666667,6.0,6.0,0.018229999999999996,0.29999999999999993,1.0,0.3747854544651895,5.635450230434954,11.567648198185891,5.428427977018107,0.005366751039886534,0.005494388853008945,0.010861139892895479,67.1939168704446,99.16982453498338,42.24662547598502,0.06996924715885566,-0.010640084091788479,-0.36231884057971014,0.720416173236339,11.319775629224894,9.38224191798044,0.0,0.0,0.0,0.0,0.0,0.0,6.88235294117647,85.47008547008546,14.529914529914532,0.0,0.0,inf,1.0,14.690773431748152,138.80865493450563,28.011204481792717,0.5,0.0,0.0,0.0,0.0,11.204481792717088,21.921812203142128,0.0
NU,5,P. Palacielo,1.0,26.983333333333334,61.0,61.0,8.725650000000002,9.8,15.0,179.38818983840827,184.09137419420856,173.51472297278835,16.960827119198473,0.03690946349321095,0.03988867883819031,0.07679814233140125,98.34686416430468,95.87038131392312,50.86311806979155,0.15040151696124146,0.08243780353219178,7.971014492753622,11.605624781594166,26.80729529470925,19.143714170187344,41.66666666666667,38.81987577639751,0.7763975155279502,37.369207772795214,0.7473841554559043,0.16666666666666666,44.529411764705884,66.05019815059444,26.948480845442536,4.755614266842801,2.2457067371202113,5.0,5.0,7.558625243141577,43.082557760524054,25.926886180969667,0.26483050847457623,8.61651155210481,0.052966101694915245,8.61651155210481,8.61651155210481,13.176858142886555,9.667803528748289,16.845415239485654
NU,7,P. Francisco,1.0,26.683333333333337,36.0,36.0,4.1194299999999995,3.299999999999998,6.0,84.69020541346877,61.98995253478448,69.40588918911534,7.112730831394593,4.5203202725962943e-05,0.039585098986239346,0.03963030218896531,81.98984365111515,95.68463133068902,32.45692793937162,0.15492964239522683,-0.04921507412054111,2.536231884057971,9.415220886189536,21.992292498929203,18.1315780725993,36.36363636363637,36.36363636363637,0.7272727272727273,27.586206896551722,0.5517241379310345,0.0,18.88235294117647,31.152647975077876,58.25545171339564,0.0,10.59190031152648,0.5,1.0,-4.367775236422312,10.621099728704435,4.758505829169639,0.07142857142857142,21.24219945740887,0.14285714285714285,21.24219945740887,0.0,8.328128253175098,3.258832794720691,13.627846232468341
NU,8,K. Figueroa,1.0,2.1,4.0,4.0,1.16347,1.0,2.0,23.91945324775722,18.784834101449853,23.135296396371782,19.95710824306143,0.0,0.003497551393442365,0.003497551393442365,,89.23720792862481,,0.312101887486446,0.009546232492750748,1.0869565217391304,0.0,0.0,0.0,,,,,,,0.0,,,,,,0.0,0.0,,0.0,,,,,inf,21.164021164021165,0.0,43.290043290043286
NU,9,C. Cartel,1.0,7.25,8.0,8.0,1.40933,1.6999999999999997,2.0,28.974019996786925,31.934217972464747,23.135296396371782,10.374645794466682,0.006602745693260233,0.009957847154952962,0.016560592848213197,134.5536564810716,99.58234421581975,66.33775975521314,0.059913037051635795,-0.0016063771095107256,1.4492753623188406,1.7460830218374976,15.010907687768846,10.26654517921538,50.0,50.0,1.0,50.0,1.0,0.0,7.88235294117647,74.62686567164178,25.373134328358212,0.0,0.0,inf,1.0,8.037710521278301,57.27104539093714,18.09954751131222,0.3333333333333333,0.0,0.0,0.0,0.0,0.0,0.0,0.0
NU,12,R. Jumamoy,1.0,33.833333333333336,62.0,62.0,8.69695,7.6000000000000005,14.0,178.79815459193804,142.76473917101887,161.94707477460247,11.458261558475632,0.01635594667245432,0.05008382945430272,0.06643977612675704,107.90290873611124,95.79813505287402,48.68369912257177,0.15216270221935513,0.010743540329233274,8.695652173913043,10.515796212323284,19.372133131994683,15.399817768823066,32.142857142857146,32.142857142857146,0.6428571428571429,26.47058823529412,0.5294117647058824,0.0,49.29411764705882,71.59904534606206,28.40095465393795,0.0,0.0,inf,7.0,10.334199241643528,57.057020494260826,22.684310018903588,0.3,0.0,0.0,9.509503415710139,0.0,10.50903119868637,0.0,21.495745633676666
NU,14,J. Solomon,1.0,2.1166666666666667,0.0,0.0,-0.21676,-0.8,0.0,-4.456308014803867,-15.027867281159882,0.0,-8.156314853579492,0.0,0.0029996083794004537,0.0029996083794004537,,98.0362074592992,,0.09760402926452288,-0.019983349804349883,-1.4492753623188406,0.0,0.0,0.0,,,,,,,0.0,,,,,,0.0,0.0,,0.0,,,,,,0.0,0.0,0.0
NU,19,M. Alfanta,1.0,11.233333333333333,13.0,13.0,1.9417799999999998,1.7999999999999998,3.0,39.92051013556861,33.81270138260973,34.70294459455767,9.79045607883871,0.010012581404148553,0.015567502452824263,0.025580083856972816,109.37193782344534,99.14534265481504,44.567295300646784,0.07056605488035239,-0.005753835844632747,0.0,4.1948675607311605,23.274999434153102,14.709796260487078,83.33333333333334,72.67441860465115,1.4534883720930232,63.45177664974619,1.2690355329949239,0.3333333333333333,10.941176470588236,53.76344086021504,27.419354838709676,9.67741935483871,9.139784946236558,1.0,0.0,-2.5937715702938138,23.838654868658146,12.330456226880395,0.18382352941176472,23.838654868658146,0.18382352941176472,0.0,0.0,0.0,0.0,0.0
NU,24,T. Garcia,1.0,19.55,52.0,52.0,3.715419999999999,6.099999999999994,12.0,76.38427719303645,114.587488018844,138.81177837823068,17.303434669686002,0.026574861250714298,0.028040345715540253,0.05461520696625455,90.21010420728646,97.42858298119573,45.561818499275766,0.11241641204759371,0.06306027253351311,6.521739130434782,16.50403284774172,52.61667362017404,32.97110174307097,60.0,61.83745583038869,1.2367491166077738,61.83745583038869,1.2367491166077738,0.3,54.470588235294116,64.79481641468682,18.358531317494602,5.831533477321815,11.01511879049676,1.0,0.0,-8.942209914977136,36.35475071670736,51.746442432082794,0.25728987993138935,36.35475071670736,0.25728987993138935,0.0,0.0,6.820119352088662,0.0,13.950244129272264
NU,25,V. Reyes,1.0,9.166666666666666,24.0,24.0,6.9897599999999995,7.599999999999998,10.0,143.70051443788282,142.76473917101885,115.67648198185891,38.22916753715283,0.030957108082763248,0.012986546727335306,0.043943654810098556,187.4801317045704,98.05121577447794,92.07845513538825,0.09723816363967135,0.12500034946462735,6.159420289855073,4.1096551724137935,27.943063352044913,15.752613594072468,116.66666666666667,103.09278350515466,2.061855670103093,91.32420091324201,1.8264840182648403,0.6666666666666666,11.0,53.475935828877,27.272727272727273,19.251336898395724,0.0,inf,1.0,6.357098321374656,24.332941768753145,19.047619047619047,0.20491803278688525,0.0,0.0,0.0,0.0,9.696969696969697,9.486166007905139,9.917355371900827
NU,30,M. Diassana,1.0,25.95,53.0,53.0,4.490219999999999,10.6,14.0,92.31317297579173,199.11924147536843,161.94707477460247,18.63051542889386,0.07088050771577872,0.03660541263878565,0.10748592035456438,91.19526914608646,98.26736147279759,54.51300452572722,0.09196906580737589,0.10083725143273418,6.159420289855073,12.696801804868086,30.495590659317497,24.036375813611954,35.714285714285715,38.07106598984772,0.7614213197969544,38.07106598984772,0.7614213197969544,0.2857142857142857,25.11764705882353,23.419203747072597,55.73770491803279,16.861826697892273,3.981264637002342,1.0,0.0,-1.1228015660745219,7.875999132447586,5.448106782892945,0.056306306306306314,7.875999132447586,0.056306306306306314,0.0,7.875999132447586,20.552344251766215,33.50925693222753,7.0064809949203015
NU,77,K. Padrones,1.0,22.216666666666665,45.0,45.0,6.495660000000001,8.399999999999999,16.0,133.5424511876771,157.79260645217872,185.08237117097426,19.243800062699158,0.03660345288386569,0.03282084586214495,0.06942429874601064,92.73959779340869,95.90451965913394,47.556668106055014,0.14956930849192243,0.09310883485553877,7.608695652173914,13.163651990798494,36.929851775922124,23.251067698074504,75.0,78.82882882882882,1.5765765765765765,74.62686567164178,1.4925373134328357,0.25,21.0,28.011204481792713,38.095238095238095,10.08403361344538,23.80952380952381,0.2,-3.0,-17.049232182231357,7.596676064507088,7.145409074669525,0.06720430107526881,37.983380322535446,0.33602150537634407,7.596676064507088,0.0,14.003500875218805,11.742065951270428,16.36772829571029
UP,8,J. Bayla,1.0,12.616666666666667,21.0,21.0,-2.0795600000000003,-1.8,-1.0,-42.753090493013154,-33.81270138260973,-11.567648198185891,-4.559234932166145,-0.007763869316502115,0.016248727232729628,0.008484857916227512,50.765644955078905,102.61562513540241,24.39585772673748,0.06229999115841352,-0.09653466702860508,-1.9672131147540985,4.527912530762272,23.214441652093985,18.17061847334098,33.33333333333333,33.33333333333333,0.6666666666666666,28.57142857142857,0.5714285714285714,0.0,10.882352941176471,54.05405405405404,27.567567567567565,0.0,18.37837837837838,0.5,-1.0,-9.58695096051603,22.085232283222805,10.628404410787828,0.16666666666666666,44.17046456644561,0.3333333333333333,0.0,0.0,0.0,0.0,0.0
UP,9,F. Nnoruka,1.0,23.066666666666663,83.0,83.0,13.78741,14.599999999999994,25.0,283.4514932939057,274.25857788116775,289.1912049546473,33.00175393101899,0.07487153503988829,0.03398438623818258,0.10885592127807087,115.4730921970482,96.04608459045784,64.2388864386437,0.2085029564486059,0.2545567781138497,12.786885245901638,14.309613871061458,40.12803727929452,30.84971893361745,60.0,66.56804733727812,1.3313609467455623,66.56804733727812,1.3313609467455623,0.8,24.358543417366946,24.14903403863845,41.05335786568538,26.586936522539098,8.210671573137075,0.5,0.0,-5.243729679993233,6.9883087622812425,7.674597083653109,0.06053268765133172,13.976617524562485,0.12106537530266344,6.9883087622812425,6.9883087622812425,24.772914946325354,19.818331957060284,28.31190279580041
UP,15,V. Pre,1.0,20.416666666666668,57.0,57.0,4.22115,4.4,10.0,86.78143834973862,82.65327004637936,115.67648198185891,11.745894287835732,0.011074969896276708,0.028821957502597483,0.03989692739887419,87.32966890765692,98.22929370842601,37.280736265996374,0.15991635519212066,0.009404813454384505,3.934426229508197,9.780901401923298,30.988380909441947,24.703141228981274,38.88888888888889,38.88888888888889,0.7777777777777778,33.33333333333333,0.6666666666666666,0.0,34.529411764705884,68.14310051107324,26.06473594548552,0.0,5.792163543441227,2.0,2.0,2.962172194739033,40.89602620074922,28.893905191873582,0.26666666666666666,20.44801310037461,0.13333333333333333,0.0,20.44801310037461,11.661807580174926,0.0,19.99167013744273
UP,16,R. Remogat,1.0,23.2,77.0,77.0,7.744599999999999,7.699999999999999,11.0,159.21905818162958,144.64322258116385,127.24413018004479,17.902261508014362,0.035346289827708884,0.03264549459861091,0.06799178442631978,102.40548066058939,98.39064440023705,38.702832216184596,0.1563255485850208,0.08174550596315085,6.557377049180328,13.765796658037184,38.381169887145866,31.383895397555698,34.61538461538461,39.62536023054754,0.7925072046109509,29.923830250272037,0.5984766050054408,0.15384615384615385,57.79551820728291,71.24509281248484,22.493093587941647,2.8013376629670916,3.4604759366064073,3.5,7.0,10.427186605044016,50.85067122441503,43.37050805452293,0.30594405594405594,14.528763206975723,0.08741258741258741,14.528763206975723,0.0,6.157635467980295,0.0,10.555946516537649
UP,17,C. Palanca,1.0,1.6666666666666663,15.0,15.0,0.0,0.0,0.0,0.0,0.0,0.0,0.0,0.0,0.0021386714248106055,0.0021386714248106055,,102.78125562456981,,0.058613939068001754,-0.008971807628524045,0.0,0.0,0.0,0.0,,,,,,,0.0,,,,,,0.0,0.0,,0.0,,,,,,0.0,0.0,0.0
UP,18,J. Payosing,1.0,20.066666666666663,54.0,54.0,4.73574,6.199999999999999,11.0,97.36074976022913,116.46597142898906,127.24413018004479,14.995492300917975,0.03580748867705553,0.02775769269020685,0.06356518136726239,101.1325375864785,99.23594469715343,54.76301543988691,0.13751366834402662,0.04168567769739006,6.557377049180328,6.772617246022263,21.831628810553536,15.720180782078998,40.0,42.51700680272109,0.8503401360544218,39.18495297805642,0.7836990595611285,0.4,31.148459383753497,75.53956834532374,16.0521582733813,5.197841726618705,3.2104316546762592,4.0,3.0,7.5345949720833,59.061362169098,27.481964960494683,0.36764705882352944,14.7653405422745,0.09191176470588236,0.0,0.0,16.611295681063126,11.390602752729,20.340362058444644
UP,23,R. Maga,1.0,20.416666666666668,39.0,39.0,5.3584499999999995,4.899999999999999,5.0,110.16286991108038,92.04568709710425,57.83824099092946,11.562685703146023,0.016807059020786726,0.027048638652635747,0.04385569767342247,120.1001118428684,101.30644364479207,45.547981891237946,0.0914353948781695,0.007543863900115077,2.622950819672131,6.417498825960364,20.332266928450096,17.965920893804565,50.0,50.0,1.0,38.095238095238095,0.7619047619047619,0.0,13.882352941176471,42.37288135593219,57.62711864406779,0.0,0.0,inf,2.0,2.962172194739034,15.582394747853378,7.2234762979683955,0.1111111111111111,0.0,0.0,15.582394747853378,0.0,0.0,0.0,0.0
UP,30,M. Yniguez,1.0,22.066666666666663,49.0,49.0,8.796420000000001,10.199999999999998,14.0,180.84313040958222,191.60530783478845,161.94707477460247,22.332491502743295,0.06143371318077103,0.02914873743214395,0.09058245061291498,185.59585237201782,101.44431235961997,75.07965581245818,0.08836717194984045,0.12638921019595456,7.868852459016394,5.412232462877624,15.865163429864996,12.217572526253239,90.0,93.5374149659864,1.870748299319728,65.63245823389022,1.3126491646778042,0.4,12.501400560224088,47.05355142280977,39.99551870938831,12.950929867801928,0.0,inf,1.0,2.7406804671867957,18.476663869465636,6.576783952647158,0.14534883720930233,0.0,0.0,0.0,0.0,8.631851532153648,10.358221838584377,7.398729884703127
UP,33,S. Alter,1.0,11.75,41.0,41.0,8.452449999999999,8.599999999999996,13.0,173.77154770127765,161.54957327246865,150.3794265764166,33.95778092655052,0.019986706214357913,0.016203187082428166,0.03618989329678608,190.99241881197463,99.38754384009879,100.0,0.1341398792514058,0.13525817208306895,6.557377049180328,4.44,24.442743286735006,17.32564605344026,100.0,101.35135135135134,2.0270270270270268,101.35135135135134,2.0270270270270268,0.25,4.809523809523809,0.0,83.16831683168317,16.831683168316832,0.0,,0.0,0.0,0.0,0.0,0.0,0.0,0.0,0.0,22.52252252252252,12.158054711246201,9.72644376899696,13.894919669995659
UP,55,G. Stevens,1.0,23.05,47.0,47.0,5.31006,4.799999999999998,8.0,109.1680334798368,90.16720368695925,92.54118558548713,11.829002866624402,0.02471049041703101,0.031691577292042146,0.056402067709073155,85.0605025156468,99.53240561047505,51.411101485881126,0.130916028170603,0.011570903520245,2.622950819672131,8.54389578852425,23.976724651397237,17.18648831706684,75.0,60.24096385542168,1.2048192771084336,60.24096385542168,1.2048192771084336,1.5,16.73949579831933,35.14056224899598,23.895582329317268,29.01606425702811,11.947791164658634,0.5,0.0,-5.247521241583973,11.70426260749987,6.24365878404745,0.10373443983402489,23.40852521499974,0.20746887966804978,11.70426260749987,0.0,10.329511414110112,9.916330957545707,10.624640311656115
UP,77,C. Briones,1.0,4.55,27.0,27.0,4.36115,4.699999999999999,6.0,89.6596590642272,88.28872027681429,69.40588918911534,45.457514500694344,-0.0013110935589725474,0.006240190736830387,0.00492909717785784,250.0,99.65410957577177,100.0,0.12820754642941853,0.07840830396923346,3.934426229508197,2.0,28.433049561344056,20.154077925742303,125.0,125.0,2.5,100.0,2.0,0.0,2.0,0.0,100.0,0.0,0.0,,0.0,0.0,0.0,0.0,0.0,0.0,0.0,0.0,0.0,10.465724751439037,0.0,17.94124243103835
UP,92,A. Poyos,1.0,17.033333333333335,51.0,51.0,8.29014,9.099999999999998,12.0,170.43466195721595,170.9419903231936,138.81177837823068,24.72403855745792,0.05281641095863233,0.021916206508477733,0.07473261746711006,215.19212356592092,102.65857237574426,84.16275784614695,0.06134421444221085,0.11782692707895519,6.557377049180328,4.782373324916822,18.161372784110203,10.76724711101301,100.0,100.0,2.0,72.72727272727273,1.4545454545454546,0.0,33.41176470588235,88.02816901408451,11.971830985915494,0.0,0.0,inf,5.0,17.752744317785307,104.55059988623876,45.23863379325944,0.5555555555555556,0.0,0.0,0.0,0.0,0.0,0.0,0.0
UST,0,K. Canete,1.0,13.9,28.0,28.0,5.47638,5.699999999999999,7.0,112.58735968864922,107.07355437826413,80.97353738730123,19.834366361656844,0.02932964152287501,0.016697588947748653,0.04602723047062367,130.04642717007872,105.68413626188978,55.9808658997879,0.09906922565368438,0.0623381554363334,3.606557377049181,4.374407218017474,20.35678792815948,15.069636791614048,50.0,50.0,1.0,38.46153846153847,0.7692307692307693,0.0,22.64705882352941,77.92207792207792,22.07792207792208,0.0,0.0,inf,4.0,13.052737189047903,68.58072078071484,34.197777144485606,0.375,0.0,0.0,22.86024026023828,0.0,3.4258307639602603,5.872852738217589,0.0
UST,3,C. Akowe,1.0,32.56666666666667,66.0,66.0,7.248140000000001,10.600000000000001,21.0,149.0124763536654,199.11924147536845,242.92061216190368,16.68876565389208,0.04603306535986348,0.04231413200590911,0.0883471973657726,82.40043700208882,102.21068090231336,43.073696280346766,0.17686959171492145,0.09508762925128628,10.163934426229508,14.726621802432254,29.250592515165106,23.15510619403378,40.625,40.625,0.8125,38.23529411764706,0.7647058823529411,0.0,23.88235294117647,24.630541871921178,66.99507389162561,0.0,8.374384236453201,0.5,-1.0,-3.7140848910494544,6.790423584007839,5.197730324425001,0.05263157894736842,13.580847168015678,0.10526315789473684,0.0,6.790423584007839,26.31963737388507,15.03979278507718,42.11141979821611
UST,4,D. Sevilla,1.0,17.65,23.0,23.0,3.5094399999999992,4.0,6.0,72.1495921732482,75.13933640579941,69.40588918911534,11.77458871534896,0.020006550036076026,0.020449700228475795,0.040456250264551824,118.95205613061486,107.19486243883206,48.29907842902499,0.0652311487484047,0.008382333744233401,2.2950819672131146,4.774003755312262,17.496165962685684,11.867872600761206,62.5,62.5,1.25,50.0,1.0,0.0,22.64705882352941,77.92207792207792,17.662337662337663,0.0,4.415584415584416,3.0,2.0,5.139746371891384,62.84033598971841,25.687680616504338,0.375,20.94677866323947,0.125,0.0,20.94677866323947,0.0,0.0,0.0
UST,10,G. Crisostomo,1.0,9.3,-1.0,-1.0,-2.5128600000000003,-3.3,-2.0,-51.661183604355266,-61.98995253478451,-23.135296396371782,-11.548668216739507,-0.010964413686619306,0.010790356879311963,-0.00017405680730734306,0.0,107.13710822380334,0.0,0.06652475946328713,-0.10349682309237682,-3.934426229508197,1.653061224489796,11.497696308792355,9.009374253911194,0.0,0.0,0.0,0.0,0.0,0.0,2.0,0.0,50.0,0.0,50.0,0.0,-1.0,-9.75446488858956,0.0,0.0,0.0,60.49382716049383,0.5,0.0,0.0,0.0,0.0,0.0
UST,11,M. Alao,1.0,4.983333333333333,0.0,0.0,0.0,0.0,0.0,0.0,0.0,0.0,0.0,0.0,0.00567641419929098,0.00567641419929098,,107.88724854064097,,0.04972270352600374,-0.026825704809286904,0.0,0.0,0.0,0.0,,,,,,,0.0,,,,,,0.0,0.0,,0.0,,,,,,0.0,0.0,0.0
UST,12,I. Danting,1.0,10.233333333333333,30.0,30.0,9.2622,8.9,11.0,190.41897072668564,167.1850235029037,127.24413018004479,42.49835346082923,0.02639262472091474,0.013333156199712435,0.039725780920627174,158.8523512818759,102.08291897322852,57.7644913752276,0.17973127376420586,0.161281169361104,6.557377049180328,5.959183673469388,37.66816756684343,28.65685328646346,78.57142857142857,78.57142857142857,1.5714285714285714,57.89473684210527,1.1578947368421053,0.0,7.0,0.0,100.0,0.0,0.0,,1.0,0.0,0.0,0.0,0.0,0.0,0.0,16.78082191780822,0.0,9.306654257794325,0.0,22.33597021870638
UST,14,M. Llemit,1.0,27.166666666666668,60.0,60.0,11.868409999999997,11.999999999999998,15.0,243.99931078602305,225.4180092173982,173.51472297278835,24.061323598290542,0.055454132945613424,0.03303062849947743,0.08848476144509085,110.74972244156218,105.16738469787133,53.52282216412277,0.11064371177238749,0.1789664798110579,8.852459016393443,16.94990175068412,40.35856112105279,29.608230676902753,50.0,55.23255813953488,1.1046511627906976,48.223350253807105,0.9644670050761421,0.3333333333333333,39.647058823529406,44.51038575667656,37.833827893175076,12.611275964391693,5.044510385756677,1.5,3.0,0.0,17.699217636343622,21.345982804624963,0.13513513513513514,11.79947842422908,0.0900900900900901,11.79947842422908,0.0,3.5056967572304996,3.0048829347689994,4.206836108676599
UST,15,L. Jumawan,1.0,25.433333333333337,28.0,28.0,2.4194299999999997,1.6999999999999997,4.0,49.74038245182192,31.934217972464747,46.270592792743564,5.270394734903042,-0.002462839006641498,0.031053265282802636,0.028590426276161138,72.89003569438195,104.98614125928604,29.867720329822216,0.11470330212504783,-0.07022137342071276,1.9672131147540985,8.726434913870502,22.19414472384633,17.19668738651531,31.25,35.54502369668246,0.7109004739336493,25.125628140703522,0.5025125628140704,0.125,22.764705882352942,51.67958656330748,35.14211886304909,4.3927648578811365,8.785529715762273,1.0,1.0,-2.3778905232996834,22.918866865333953,11.29252340845998,0.1607717041800643,22.918866865333953,0.1607717041800643,11.459433432666977,0.0,5.616925669350308,0.0,13.48062160644074
UST,19,K. Buenaflor,1.0,21.15,33.0,33.0,2.82106,4.299999999999997,7.0,57.99738092010794,80.77478663623431,80.97353738730123,11.804633592672111,0.03801546582692544,0.025100645266860722,0.06311611109378616,78.33905080330143,106.19690889469285,44.764746049862275,0.08758386182763857,0.010360696758714004,0.32786885245901637,9.777352739845227,29.903068448935446,22.422479526117137,44.44444444444444,38.75968992248062,0.7751937984496123,35.3356890459364,0.7067137809187279,0.3333333333333333,18.88235294117647,31.152647975077876,47.66355140186916,15.88785046728972,5.29595015576324,1.0,0.0,-1.4297324422991795,10.227717323982215,8.070210834258045,0.08116883116883117,10.227717323982215,0.08116883116883117,0.0,0.0,15.760441292356187,19.29849954166064,10.807159743329956
UST,20,A. Acido,1.0,30.166666666666668,58.0,58.0,10.577649999999997,12.500000000000002,16.0,217.46293814721406,234.81042626812317,185.08237117097426,23.511921217293015,0.08512872220434274,0.03476833634383703,0.11989705854817978,137.43496469953033,107.41032513900761,59.74150267453554,0.06040509652925524,0.1904840580704839,9.836065573770492,13.418142773772592,28.77199175487503,21.553210646063967,45.83333333333333,57.98969072164949,1.1597938144329898,48.59611231101512,0.9719222462203024,0.6666666666666666,43.529411764705884,54.05405405405404,27.567567567567565,18.37837837837838,0.0,inf,4.0,8.019140195702358,29.810384845647125,20.640722425284885,0.20491803278688525,0.0,0.0,0.0,0.0,4.73559589581689,5.412109595219302,3.788476716653512
UST,24,K. Porter,1.0,4.65,2.0,2.0,0.10316000000000006,-0.4,0.0,2.1208374921902897,-7.513933640579941,0.0,-1.9265854497637598,-0.005482206843309653,0.0055924344379258166,0.00011022759461616367,0.0,105.6342295169249,0.0,0.10018706441228181,-0.029488369324080343,-0.9836065573770493,0.653061224489796,9.084599552626058,9.009374253911194,0.0,0.0,0.0,0.0,0.0,0.0,1.0,0.0,100.0,0.0,0.0,,0.0,0.0,0.0,0.0,0.0,0.0,0.0,0.0,153.12499999999997,0.0,0.0,0.0
UST,26,C. Manding,1.0,0.45,0.0,0.0,0.0,0.0,0.0,0.0,0.0,0.0,0.0,0.0,0.0005125858975948377,0.0005125858975948377,,107.88724854064097,,0.04972270352600374,-0.0024223880597014926,0.0,0.0,0.0,0.0,,,,,,,0.0,,,,,,0.0,0.0,,0.0,,,,,,0.0,0.0,0.0
UST,30,C. Esteban,1.0,2.25,0.0,0.0,-0.55233,-0.7,-1.0,-11.355197480239067,-13.149383871014894,-11.567648198185891,-12.476840124507182,-0.005482206843309653,0.0025629294879741878,-0.002919277355335465,0.0,107.88724854064097,0.0,0.04972270352600374,-0.026078552378179683,-0.6557377049180327,0.653061224489796,18.774839075427185,18.619373458083135,0.0,0.0,0.0,0.0,0.0,0.0,1.0,0.0,100.0,0.0,0.0,,0.0,0.0,0.0,0.0,0.0,0.0,0.0,0.0,0.0,0.0,0.0,0.0
